time_measured,temperature,relative_humidity,ambient_light,barometric_pressure,sound_noise,eTVOC,eCO2,discomfort_index,heat_stroke,vibration_information,si_value,pga,seismic_intensity,temperature_flag,relative_humidity_flag,ambient_light_flag,barometric_pressure_flag,sound_noise_flag,etvoc_flag,eco2_flag,discomfort_index_flag,heat_stroke_flag,si_value_flag,pga_flag,seismic_intensity_flag
1710146777,19.41,43.54,0,994.793,76.14,89,987,64.16,15.88,0,0.0,0.0,0.0,0,0,0,0,0,0,0,0,0,0,0,0
1710146778,19.38,43.57,0,994.793,76.97,86,970,64.12,15.86,0,0.0,0.0,0.0,0,0,0,0,0,0,0,0,0,0,0,0
1710146779,19.38,43.55,148,994.794,79.55,79,923,64.12,15.86,0,0.0,0.0,0.0,0,0,0,0,0,0,0,0,0,0,0,0
1710146780,19.41,43.48,148,994.792,78.33,84,956,64.15,15.88,0,0.0,0.0,0.0,0,0,0,0,0,0,0,0,0,0,0,0
1710146781,19.42,43.49,148,994.786,77.69,84,956,64.17,15.89,0,0.0,0.0,0.0,0,0,0,0,0,0,0,0,0,0,0,0
1710146783,19.45,43.51,144,994.784,77.05,84,956,64.21,15.9,0,0.0,0.0,0.0,0,0,0,0,0,0,0,0,0,0,0,0
1710146784,19.46,43.53,144,994.785,77.2,84,956,64.22,15.91,0,0.0,0.0,0.0,0,0,0,0,0,0,0,0,0,0,0,0
1710146785,19.48,43.49,146,994.784,77.59,86,970,64.24,15.93,0,0.0,0.0,0.0,0,0,0,0,0,0,0,0,0,0,0,0
1710146786,19.53,43.42,144,994.784,78.93,86,970,64.3,15.97,0,0.0,0.0,0.0,0,0,0,0,0,0,0,0,0,0,0,0
1710146787,19.54,43.39,141,994.785,77.69,86,970,64.31,15.94,0,0.0,0.0,0.0,0,0,0,0,0,0,0,0,0,0,0,0
1710146788,19.58,43.36,148,994.784,78.52,84,956,64.36,15.98,0,0.0,0.0,0.0,0,0,0,0,0,0,0,0,0,0,0,0
1710146789,19.62,43.31,144,994.786,78.09,86,970,64.41,16.01,0,0.0,0.0,0.0,0,0,0,0,0,0,0,0,0,0,0,0
1710146790,19.64,43.27,146,994.787,76.16,84,956,64.43,16.03,0,0.0,0.0,0.0,0,0,0,0,0,0,0,0,0,0,0,0
1710146791,19.66,43.23,146,994.786,78.7,86,970,64.45,16.04,0,0.0,0.0,0.0,0,0,0,0,0,0,0,0,0,0,0,0
1710146792,19.68,43.11,146,994.786,77.32,88,983,64.47,16.06,0,0.0,0.0,0.0,0,0,0,0,0,0,0,0,0,0,0,0
1710146794,19.7,43.07,139,994.784,77.48,86,970,64.49,16.07,0,0.0,0.0,0.0,0,0,0,0,0,0,0,0,0,0,0,0
1710146795,19.75,42.97,146,994.784,77.69,86,970,64.55,16.03,0,0.0,0.0,0.0,0,0,0,0,0,0,0,0,0,0,0,0
1710146796,19.77,42.95,148,994.784,78.37,86,970,64.57,16.05,0,0.0,0.0,0.0,0,0,0,0,0,0,0,0,0,0,0,0
1710146797,19.8,42.89,146,994.783,77.57,71,868,64.61,16.07,0,0.0,0.0,0.0,0,0,0,0,0,0,0,0,0,0,0,0
1710146798,19.83,42.83,146,994.786,76.43,71,868,64.64,16.09,0,0.0,0.0,0.0,0,0,0,0,0,0,0,0,0,0,0,0
1710146799,19.83,42.84,148,994.786,79.01,71,868,64.64,16.09,0,0.0,0.0,0.0,0,0,0,0,0,0,0,0,0,0,0,0
1710146800,19.85,42.79,144,994.785,78.08,71,868,64.66,16.1,0,0.0,0.0,0.0,0,0,0,0,0,0,0,0,0,0,0,0
1710146801,19.85,42.8,139,994.784,78.34,71,868,64.66,16.1,0,0.0,0.0,0.0,0,0,0,0,0,0,0,0,0,0,0,0
1710146802,19.87,42.75,144,994.785,78.46,73,880,64.69,16.1,0,0.0,0.0,0.0,0,0,0,0,0,0,0,0,0,0,0,0
1710146803,19.95,42.58,146,994.78,77.18,75,897,64.78,16.15,0,0.0,0.0,0.0,0,0,0,0,0,0,0,0,0,0,0,0
1710146805,19.99,42.48,146,994.781,78.17,75,897,64.82,16.19,0,0.0,0.0,0.0,0,0,0,0,0,0,0,0,0,0,0,0
1710146806,20.0,42.47,146,994.783,76.66,75,897,64.83,16.19,0,0.0,0.0,0.0,0,0,0,0,0,0,0,0,0,0,0,0
1710146807,20.0,42.46,146,994.78,77.97,77,909,64.83,16.19,0,0.0,0.0,0.0,0,0,0,0,0,0,0,0,0,0,0,0
1710146808,20.01,42.49,137,994.777,79.36,79,925,64.84,16.2,0,0.0,0.0,0.0,0,0,0,0,0,0,0,0,0,0,0,0
1710146809,20.02,42.51,146,994.779,78.36,82,942,64.86,16.21,0,0.0,0.0,0.0,0,0,0,0,0,0,0,0,0,0,0,0
1710146810,20.02,42.5,148,994.777,77.65,85,959,64.86,16.21,0,0.0,0.0,0.0,0,0,0,0,0,0,0,0,0,0,0,0
1710146811,20.05,42.47,144,994.776,78.82,87,972,64.89,16.23,0,0.0,0.0,0.0,0,0,0,0,0,0,0,0,0,0,0,0
1710146812,20.07,42.44,146,994.779,78.29,87,972,64.92,16.25,0,0.0,0.0,0.0,0,0,0,0,0,0,0,0,0,0,0,0
1710146813,20.1,42.42,146,994.777,77.01,87,972,64.95,16.28,0,0.0,0.0,0.0,0,0,0,0,0,0,0,0,0,0,0,0
1710146815,20.09,42.45,137,994.776,78.38,87,972,64.94,16.27,0,0.0,0.0,0.0,0,0,0,0,0,0,0,0,0,0,0,0
1710146816,20.08,42.45,146,994.777,78.38,87,972,64.93,16.26,0,0.0,0.0,0.0,0,0,0,0,0,0,0,0,0,0,0,0
1710146817,20.1,42.41,146,994.777,78.26,88,983,64.95,16.28,0,0.0,0.0,0.0,0,0,0,0,0,0,0,0,0,0,0,0
1710146818,20.12,42.36,146,994.775,78.49,88,983,64.97,16.29,0,0.0,0.0,0.0,0,0,0,0,0,0,0,0,0,0,0,0
1710146819,20.13,42.31,146,994.771,78.01,88,983,64.98,16.3,0,0.0,0.0,0.0,0,0,0,0,0,0,0,0,0,0,0,0
1710146820,20.14,42.31,148,994.772,77.92,88,983,64.99,16.31,0,0.0,0.0,0.0,0,0,0,0,0,0,0,0,0,0,0,0
1710146821,20.15,42.3,148,994.772,78.67,85,959,65.01,16.32,0,0.0,0.0,0.0,0,0,0,0,0,0,0,0,0,0,0,0
1710146822,20.12,42.36,148,994.769,78.34,85,959,64.97,16.29,0,0.0,0.0,0.0,0,0,0,0,0,0,0,0,0,0,0,0
1710146823,20.14,42.35,148,994.766,76.29,85,959,65.0,16.31,0,0.0,0.0,0.0,0,0,0,0,0,0,0,0,0,0,0,0
1710146824,20.14,42.37,139,994.768,75.87,79,925,65.0,16.31,0,0.0,0.0,0.0,0,0,0,0,0,0,0,0,0,0,0,0
1710146826,20.16,42.29,139,994.768,76.64,79,925,65.02,16.32,0,0.0,0.0,0.0,0,0,0,0,0,0,0,0,0,0,0,0
1710146827,20.14,42.29,146,994.77,76.84,77,909,64.99,16.31,0,0.0,0.0,0.0,0,0,0,0,0,0,0,0,0,0,0,0
1710146828,20.13,42.25,146,994.768,78.88,79,925,64.98,16.3,0,0.0,0.0,0.0,0,0,0,0,0,0,0,0,0,0,0,0
1710146829,20.14,42.22,146,994.768,77.07,79,925,64.99,16.31,0,0.0,0.0,0.0,0,0,0,0,0,0,0,0,0,0,0,0
1710146830,20.14,42.2,146,994.765,78.13,79,925,64.99,16.31,0,0.0,0.0,0.0,0,0,0,0,0,0,0,0,0,0,0,0
1710146831,20.16,42.19,146,994.762,77.27,79,925,65.01,16.32,0,0.0,0.0,0.0,0,0,0,0,0,0,0,0,0,0,0,0
1710146832,20.18,42.19,146,994.759,77.0,79,925,65.04,16.34,0,0.0,0.0,0.0,0,0,0,0,0,0,0,0,0,0,0,0
1710146833,20.21,42.12,139,994.757,78.17,78,913,65.07,16.33,0,0.0,0.0,0.0,0,0,0,0,0,0,0,0,0,0,0,0
1710146834,20.23,42.07,146,994.754,76.91,78,913,65.09,16.35,0,0.0,0.0,0.0,0,0,0,0,0,0,0,0,0,0,0,0
1710146835,20.26,41.99,146,994.753,78.4,75,895,65.12,16.29,0,0.0,0.0,0.0,0,0,0,0,0,0,0,0,0,0,0,0
1710146837,20.25,41.99,146,994.752,76.83,75,895,65.11,16.28,0,0.0,0.0,0.0,0,0,0,0,0,0,0,0,0,0,0,0
1710146838,20.26,41.97,146,994.754,77.98,62,808,65.12,16.29,0,0.0,0.0,0.0,0,0,0,0,0,0,0,0,0,0,0,0
1710146839,20.27,41.95,144,994.757,79.18,70,865,65.13,16.3,0,0.0,0.0,0.0,0,0,0,0,0,0,0,0,0,0,0,0
1710146840,20.26,41.98,139,994.756,78.31,68,848,65.12,16.29,0,0.0,0.0,0.0,0,0,0,0,0,0,0,0,0,0,0,0
1710146841,20.27,41.97,146,994.757,77.63,70,865,65.13,16.3,0,0.0,0.0,0.0,0,0,0,0,0,0,0,0,0,0,0,0
1710146842,20.26,41.98,146,994.758,78.45,68,848,65.12,16.29,0,0.0,0.0,0.0,0,0,0,0,0,0,0,0,0,0,0,0
1710146843,20.27,41.96,146,994.754,77.87,68,848,65.13,16.3,0,0.0,0.0,0.0,0,0,0,0,0,0,0,0,0,0,0,0
1710146844,20.3,41.9,137,994.749,77.56,66,836,65.17,16.32,0,0.0,0.0,0.0,0,0,0,0,0,0,0,0,0,0,0,0
1710146845,20.34,41.82,148,994.746,77.67,63,819,65.21,16.36,0,0.0,0.0,0.0,0,0,0,0,0,0,0,0,0,0,0,0
1710146847,20.34,41.78,146,994.746,76.77,63,819,65.21,16.36,0,0.0,0.0,0.0,0,0,0,0,0,0,0,0,0,0,0,0
1710146848,20.35,41.71,146,994.746,78.39,62,808,65.22,16.36,0,0.0,0.0,0.0,0,0,0,0,0,0,0,0,0,0,0,0
1710146849,20.36,41.68,146,994.746,76.69,61,804,65.23,16.37,0,0.0,0.0,0.0,0,0,0,0,0,0,0,0,0,0,0,0
1710146850,20.36,41.68,146,994.745,77.8,63,819,65.23,16.37,0,0.0,0.0,0.0,0,0,0,0,0,0,0,0,0,0,0,0
1710146851,20.4,41.63,141,994.746,79.28,61,804,65.27,16.4,0,0.0,0.0,0.0,0,0,0,0,0,0,0,0,0,0,0,0
1710146852,20.4,41.63,146,994.747,78.2,59,793,65.27,16.4,0,0.0,0.0,0.0,0,0,0,0,0,0,0,0,0,0,0,0
1710146853,20.42,41.6,144,994.752,77.42,59,793,65.3,16.42,0,0.0,0.0,0.0,0,0,0,0,0,0,0,0,0,0,0,0
1710146854,20.45,41.53,146,994.748,76.15,59,793,65.33,16.41,0,0.0,0.0,0.0,0,0,0,0,0,0,0,0,0,0,0,0
1710146855,20.46,41.5,146,994.745,76.37,59,793,65.34,16.42,0,0.0,0.0,0.0,0,0,0,0,0,0,0,0,0,0,0,0
1710146856,20.48,41.41,139,994.745,77.68,59,793,65.36,16.44,0,0.0,0.0,0.0,0,0,0,0,0,0,0,0,0,0,0,0
1710146858,20.5,41.37,146,994.748,77.39,61,804,65.38,16.45,0,0.0,0.0,0.0,0,0,0,0,0,0,0,0,0,0,0,0
1710146859,20.5,41.36,146,994.744,76.73,61,804,65.38,16.45,0,0.0,0.0,0.0,0,0,0,0,0,0,0,0,0,0,0,0
1710146860,20.51,41.33,146,994.743,79.07,61,804,65.39,16.46,0,0.0,0.0,0.0,0,0,0,0,0,0,0,0,0,0,0,0
1710146861,20.52,41.33,137,994.744,77.98,61,804,65.4,16.47,0,0.0,0.0,0.0,0,0,0,0,0,0,0,0,0,0,0,0
1710146862,20.52,41.34,146,994.741,77.71,63,819,65.4,16.47,0,0.0,0.0,0.0,0,0,0,0,0,0,0,0,0,0,0,0
1710146863,20.54,41.31,146,994.744,78.16,63,819,65.43,16.49,0,0.0,0.0,0.0,0,0,0,0,0,0,0,0,0,0,0,0
1710146864,20.52,41.34,146,994.742,77.51,65,832,65.4,16.47,0,0.0,0.0,0.0,0,0,0,0,0,0,0,0,0,0,0,0
1710146865,20.52,41.35,146,994.741,76.85,65,832,65.4,16.47,0,0.0,0.0,0.0,0,0,0,0,0,0,0,0,0,0,0,0
1710146866,20.52,41.31,148,994.742,76.93,65,832,65.4,16.47,0,0.0,0.0,0.0,0,0,0,0,0,0,0,0,0,0,0,0
1710146867,20.5,41.4,137,994.74,76.72,65,832,65.38,16.45,0,0.0,0.0,0.0,0,0,0,0,0,0,0,0,0,0,0,0
1710146869,20.52,41.37,146,994.743,76.77,65,832,65.4,16.47,0,0.0,0.0,0.0,0,0,0,0,0,0,0,0,0,0,0,0
1710146870,20.53,41.38,141,994.743,78.29,68,848,65.42,16.48,0,0.0,0.0,0.0,0,0,0,0,0,0,0,0,0,0,0,0
1710146871,20.56,41.29,146,994.746,76.53,68,848,65.45,16.5,0,0.0,0.0,0.0,0,0,0,0,0,0,0,0,0,0,0,0
1710146872,20.57,41.28,144,994.744,77.45,70,863,65.46,16.51,0,0.0,0.0,0.0,0,0,0,0,0,0,0,0,0,0,0,0
1710146873,20.57,41.3,146,994.74,77.33,70,863,65.46,16.51,0,0.0,0.0,0.0,0,0,0,0,0,0,0,0,0,0,0,0
1710146874,20.56,41.29,146,994.739,78.11,70,863,65.45,16.5,0,0.0,0.0,0.0,0,0,0,0,0,0,0,0,0,0,0,0
1710146875,20.56,41.3,139,994.739,77.42,70,863,65.45,16.5,0,0.0,0.0,0.0,0,0,0,0,0,0,0,0,0,0,0,0
1710146876,20.55,41.31,146,994.741,79.38,70,863,65.44,16.49,0,0.0,0.0,0.0,0,0,0,0,0,0,0,0,0,0,0,0
1710146877,20.54,41.35,146,994.741,77.52,68,848,65.43,16.49,0,0.0,0.0,0.0,0,0,0,0,0,0,0,0,0,0,0,0
1710146878,20.52,41.4,146,994.742,77.41,70,863,65.41,16.47,0,0.0,0.0,0.0,0,0,0,0,0,0,0,0,0,0,0,0
1710146880,20.53,41.4,141,994.74,77.21,70,863,65.42,16.48,0,0.0,0.0,0.0,0,0,0,0,0,0,0,0,0,0,0,0
1710146881,20.53,41.39,148,994.739,78.24,68,848,65.42,16.48,0,0.0,0.0,0.0,0,0,0,0,0,0,0,0,0,0,0,0
1710146882,20.52,41.39,148,994.736,77.03,68,848,65.41,16.47,0,0.0,0.0,0.0,0,0,0,0,0,0,0,0,0,0,0,0
1710146883,20.56,41.33,148,994.739,77.66,68,848,65.45,16.5,0,0.0,0.0,0.0,0,0,0,0,0,0,0,0,0,0,0,0
1710146884,20.55,41.37,139,994.739,78.46,70,863,65.44,16.49,0,0.0,0.0,0.0,0,0,0,0,0,0,0,0,0,0,0,0
1710146885,20.55,41.4,146,994.738,77.19,70,863,65.44,16.49,0,0.0,0.0,0.0,0,0,0,0,0,0,0,0,0,0,0,0
1710146886,20.56,41.41,146,994.739,77.66,72,877,65.46,16.5,0,0.0,0.0,0.0,0,0,0,0,0,0,0,0,0,0,0,0
1710146887,20.53,41.46,144,994.737,77.15,70,863,65.42,16.48,0,0.0,0.0,0.0,0,0,0,0,0,0,0,0,0,0,0,0
1710146888,20.54,41.4,141,994.734,77.19,68,848,65.43,16.49,0,0.0,0.0,0.0,0,0,0,0,0,0,0,0,0,0,0,0
1710146890,20.55,41.37,146,994.733,77.4,68,848,65.44,16.49,0,0.0,0.0,0.0,0,0,0,0,0,0,0,0,0,0,0,0
1710146891,20.54,41.38,144,994.732,77.36,65,832,65.43,16.49,0,0.0,0.0,0.0,0,0,0,0,0,0,0,0,0,0,0,0
1710146892,20.54,41.38,139,994.73,77.68,68,848,65.43,16.49,0,0.0,0.0,0.0,0,0,0,0,0,0,0,0,0,0,0,0
1710146893,20.53,41.38,146,994.73,78.53,65,832,65.42,16.48,0,0.0,0.0,0.0,0,0,0,0,0,0,0,0,0,0,0,0
1710146894,20.53,41.41,141,994.729,78.08,68,848,65.42,16.48,0,0.0,0.0,0.0,0,0,0,0,0,0,0,0,0,0,0,0
1710146895,20.53,41.4,146,994.73,77.58,68,848,65.42,16.48,0,0.0,0.0,0.0,0,0,0,0,0,0,0,0,0,0,0,0
1710146896,20.53,41.43,137,994.729,77.64,68,848,65.42,16.48,0,0.0,0.0,0.0,0,0,0,0,0,0,0,0,0,0,0,0
1710146897,20.51,41.47,139,994.726,77.53,70,863,65.4,16.46,0,0.0,0.0,0.0,0,0,0,0,0,0,0,0,0,0,0,0
1710146898,20.48,41.53,137,994.727,77.09,72,877,65.37,16.44,0,0.0,0.0,0.0,0,0,0,0,0,0,0,0,0,0,0,0
1710146899,20.5,41.55,144,994.725,76.79,72,877,65.39,16.47,0,0.0,0.0,0.0,0,0,0,0,0,0,0,0,0,0,0,0
1710146901,20.5,41.55,146,994.727,77.67,72,877,65.39,16.47,0,0.0,0.0,0.0,0,0,0,0,0,0,0,0,0,0,0,0
1710146902,20.51,41.51,146,994.725,76.94,77,907,65.4,16.46,0,0.0,0.0,0.0,0,0,0,0,0,0,0,0,0,0,0,0
1710146903,20.51,41.52,146,994.723,77.65,79,920,65.4,16.46,0,0.0,0.0,0.0,0,0,0,0,0,0,0,0,0,0,0,0
1710146904,20.51,41.53,141,994.723,78.89,77,907,65.4,16.46,0,0.0,0.0,0.0,0,0,0,0,0,0,0,0,0,0,0,0
1710146905,20.5,41.57,146,994.722,78.37,79,920,65.39,16.47,0,0.0,0.0,0.0,0,0,0,0,0,0,0,0,0,0,0,0
1710146906,20.5,41.61,146,994.723,77.59,74,891,65.39,16.47,0,0.0,0.0,0.0,0,0,0,0,0,0,0,0,0,0,0,0
1710146907,20.49,41.63,146,994.725,77.43,77,907,65.38,16.47,0,0.0,0.0,0.0,0,0,0,0,0,0,0,0,0,0,0,0
1710146908,20.48,41.63,146,994.724,76.5,77,907,65.37,16.46,0,0.0,0.0,0.0,0,0,0,0,0,0,0,0,0,0,0,0
1710146909,20.47,41.64,141,994.721,77.85,77,907,65.36,16.45,0,0.0,0.0,0.0,0,0,0,0,0,0,0,0,0,0,0,0
1710146910,20.46,41.66,146,994.722,77.27,74,891,65.35,16.44,0,0.0,0.0,0.0,0,0,0,0,0,0,0,0,0,0,0,0
1710146912,20.45,41.71,146,994.718,78.18,77,907,65.34,16.43,0,0.0,0.0,0.0,0,0,0,0,0,0,0,0,0,0,0,0
1710146913,20.46,41.71,144,994.716,77.94,77,907,65.35,16.44,0,0.0,0.0,0.0,0,0,0,0,0,0,0,0,0,0,0,0
1710146914,20.47,41.67,139,994.718,77.21,77,907,65.36,16.45,0,0.0,0.0,0.0,0,0,0,0,0,0,0,0,0,0,0,0
1710146915,20.48,41.66,144,994.72,78.03,74,891,65.37,16.46,0,0.0,0.0,0.0,0,0,0,0,0,0,0,0,0,0,0,0
1710146916,20.47,41.66,146,994.724,77.41,77,907,65.36,16.45,0,0.0,0.0,0.0,0,0,0,0,0,0,0,0,0,0,0,0
1710146917,20.46,41.68,146,994.722,78.72,77,907,65.35,16.44,0,0.0,0.0,0.0,0,0,0,0,0,0,0,0,0,0,0,0
1710146918,20.44,41.75,146,994.719,77.18,74,891,65.33,16.43,0,0.0,0.0,0.0,0,0,0,0,0,0,0,0,0,0,0,0
1710146919,20.44,41.73,146,994.723,77.23,74,891,65.33,16.43,0,0.0,0.0,0.0,0,0,0,0,0,0,0,0,0,0,0,0
1710146920,20.45,41.69,139,994.724,78.89,72,874,65.34,16.43,0,0.0,0.0,0.0,0,0,0,0,0,0,0,0,0,0,0,0
1710146922,20.48,41.64,146,994.721,77.87,72,874,65.37,16.46,0,0.0,0.0,0.0,0,0,0,0,0,0,0,0,0,0,0,0
1710146923,20.47,41.66,146,994.719,77.71,69,857,65.36,16.45,0,0.0,0.0,0.0,0,0,0,0,0,0,0,0,0,0,0,0
1710146924,20.48,41.62,144,994.721,77.59,69,857,65.37,16.46,0,0.0,0.0,0.0,0,0,0,0,0,0,0,0,0,0,0,0
1710146925,20.47,41.65,146,994.718,77.06,69,857,65.36,16.45,0,0.0,0.0,0.0,0,0,0,0,0,0,0,0,0,0,0,0
1710146926,20.46,41.66,139,994.716,79.33,72,874,65.35,16.44,0,0.0,0.0,0.0,0,0,0,0,0,0,0,0,0,0,0,0
1710146927,20.45,41.69,144,994.718,78.44,74,889,65.34,16.43,0,0.0,0.0,0.0,0,0,0,0,0,0,0,0,0,0,0,0
1710146928,20.43,41.76,137,994.717,76.87,74,889,65.32,16.42,0,0.0,0.0,0.0,0,0,0,0,0,0,0,0,0,0,0,0
1710146929,20.42,41.82,146,994.716,76.69,72,874,65.31,16.42,0,0.0,0.0,0.0,0,0,0,0,0,0,0,0,0,0,0,0
1710146930,20.43,41.83,144,994.716,78.21,74,889,65.32,16.42,0,0.0,0.0,0.0,0,0,0,0,0,0,0,0,0,0,0,0
1710146931,20.43,41.85,144,994.718,78.08,70,863,65.32,16.42,0,0.0,0.0,0.0,0,0,0,0,0,0,0,0,0,0,0,0
1710146933,20.42,41.85,146,994.717,76.82,70,863,65.31,16.42,0,0.0,0.0,0.0,0,0,0,0,0,0,0,0,0,0,0,0
1710146934,20.41,41.87,144,994.72,78.1,72,877,65.3,16.41,0,0.0,0.0,0.0,0,0,0,0,0,0,0,0,0,0,0,0
1710146935,20.42,41.87,141,994.719,78.42,70,863,65.31,16.42,0,0.0,0.0,0.0,0,0,0,0,0,0,0,0,0,0,0,0
1710146936,20.43,41.84,148,994.722,79.02,70,863,65.32,16.42,0,0.0,0.0,0.0,0,0,0,0,0,0,0,0,0,0,0,0
1710146937,20.41,41.85,148,994.723,77.89,70,863,65.3,16.41,0,0.0,0.0,0.0,0,0,0,0,0,0,0,0,0,0,0,0
1710146938,20.41,41.86,148,994.722,77.21,72,877,65.3,16.41,0,0.0,0.0,0.0,0,0,0,0,0,0,0,0,0,0,0,0
1710146939,20.41,41.87,146,994.72,78.69,72,877,65.3,16.41,0,0.0,0.0,0.0,0,0,0,0,0,0,0,0,0,0,0,0
1710146940,20.4,41.91,146,994.717,77.24,74,891,65.29,16.4,0,0.0,0.0,0.0,0,0,0,0,0,0,0,0,0,0,0,0
1710146941,20.41,41.92,146,994.719,78.18,74,891,65.3,16.41,0,0.0,0.0,0.0,0,0,0,0,0,0,0,0,0,0,0,0
1710146942,20.4,41.96,148,994.717,77.86,74,891,65.29,16.4,0,0.0,0.0,0.0,0,0,0,0,0,0,0,0,0,0,0,0
1710146944,20.39,41.98,148,994.716,78.79,76,905,65.28,16.4,0,0.0,0.0,0.0,0,0,0,0,0,0,0,0,0,0,0,0
1710146945,20.38,42.01,139,994.715,77.81,78,915,65.27,16.47,0,0.0,0.0,0.0,0,0,0,0,0,0,0,0,0,0,0,0
1710146946,20.4,42.01,146,994.718,77.49,78,915,65.3,16.48,0,0.0,0.0,0.0,0,0,0,0,0,0,0,0,0,0,0,0
1710146947,20.39,42.03,146,994.72,77.66,78,915,65.28,16.47,0,0.0,0.0,0.0,0,0,0,0,0,0,0,0,0,0,0,0
1710146948,20.39,42.07,148,994.72,77.84,83,945,65.29,16.47,0,0.0,0.0,0.0,0,0,0,0,0,0,0,0,0,0,0,0
1710146949,20.4,42.1,139,994.721,76.88,79,925,65.3,16.48,0,0.0,0.0,0.0,0,0,0,0,0,0,0,0,0,0,0,0
1710146950,20.39,42.1,144,994.724,78.68,85,961,65.29,16.47,0,0.0,0.0,0.0,0,0,0,0,0,0,0,0,0,0,0,0
1710146951,20.4,42.1,146,994.719,77.8,85,961,65.3,16.48,0,0.0,0.0,0.0,0,0,0,0,0,0,0,0,0,0,0,0
1710146952,20.37,42.15,146,994.714,77.82,87,977,65.27,16.46,0,0.0,0.0,0.0,0,0,0,0,0,0,0,0,0,0,0,0
1710146953,20.39,42.14,144,994.71,78.23,87,977,65.29,16.47,0,0.0,0.0,0.0,0,0,0,0,0,0,0,0,0,0,0,0
1710146955,20.39,42.15,146,994.709,76.22,79,925,65.29,16.47,0,0.0,0.0,0.0,0,0,0,0,0,0,0,0,0,0,0,0
1710146956,20.41,42.09,141,994.708,77.19,83,945,65.31,16.49,0,0.0,0.0,0.0,0,0,0,0,0,0,0,0,0,0,0,0
1710146957,20.42,42.07,146,994.707,77.65,83,945,65.32,16.49,0,0.0,0.0,0.0,0,0,0,0,0,0,0,0,0,0,0,0
1710146958,20.39,42.13,146,994.709,76.63,78,915,65.29,16.47,0,0.0,0.0,0.0,0,0,0,0,0,0,0,0,0,0,0,0
1710146959,20.39,42.12,148,994.71,76.36,78,915,65.29,16.47,0,0.0,0.0,0.0,0,0,0,0,0,0,0,0,0,0,0,0
1710146960,20.38,42.14,146,994.709,77.31,76,905,65.28,16.47,0,0.0,0.0,0.0,0,0,0,0,0,0,0,0,0,0,0,0
1710146961,20.36,42.16,146,994.707,78.37,78,915,65.26,16.48,0,0.0,0.0,0.0,0,0,0,0,0,0,0,0,0,0,0,0
1710146962,20.38,42.15,146,994.706,77.91,76,905,65.28,16.47,0,0.0,0.0,0.0,0,0,0,0,0,0,0,0,0,0,0,0
1710146963,20.36,42.19,139,994.707,77.43,76,905,65.26,16.48,0,0.0,0.0,0.0,0,0,0,0,0,0,0,0,0,0,0,0
1710146965,20.37,42.18,148,994.706,78.35,76,905,65.27,16.48,0,0.0,0.0,0.0,0,0,0,0,0,0,0,0,0,0,0,0
1710146966,20.34,42.19,148,994.71,77.6,72,877,65.23,16.46,0,0.0,0.0,0.0,0,0,0,0,0,0,0,0,0,0,0,0
1710146967,20.36,42.17,148,994.71,78.07,72,877,65.26,16.48,0,0.0,0.0,0.0,0,0,0,0,0,0,0,0,0,0,0,0
1710146968,20.38,42.14,146,994.71,78.3,67,846,65.28,16.47,0,0.0,0.0,0.0,0,0,0,0,0,0,0,0,0,0,0,0
1710146969,20.38,42.12,146,994.707,77.34,67,846,65.28,16.47,0,0.0,0.0,0.0,0,0,0,0,0,0,0,0,0,0,0,0
1710146970,20.39,42.08,146,994.707,79.47,67,846,65.29,16.47,0,0.0,0.0,0.0,0,0,0,0,0,0,0,0,0,0,0,0
1710146971,20.4,42.05,146,994.708,76.98,67,846,65.3,16.48,0,0.0,0.0,0.0,0,0,0,0,0,0,0,0,0,0,0,0
1710146972,20.41,42.0,146,994.709,77.38,67,846,65.31,16.49,0,0.0,0.0,0.0,0,0,0,0,0,0,0,0,0,0,0,0
1710146973,20.42,41.98,137,994.706,79.46,67,846,65.32,16.42,0,0.0,0.0,0.0,0,0,0,0,0,0,0,0,0,0,0,0
1710146974,20.43,41.96,146,994.704,80.56,70,863,65.33,16.42,0,0.0,0.0,0.0,0,0,0,0,0,0,0,0,0,0,0,0
1710146976,20.43,42.0,146,994.705,78.69,72,877,65.33,16.5,0,0.0,0.0,0.0,0,0,0,0,0,0,0,0,0,0,0,0
1710146977,20.41,42.06,146,994.703,77.99,72,877,65.31,16.49,0,0.0,0.0,0.0,0,0,0,0,0,0,0,0,0,0,0,0
1710146978,20.4,42.09,146,994.704,77.04,70,863,65.3,16.48,0,0.0,0.0,0.0,0,0,0,0,0,0,0,0,0,0,0,0
1710146979,20.4,42.09,146,994.702,78.0,70,863,65.3,16.48,0,0.0,0.0,0.0,0,0,0,0,0,0,0,0,0,0,0,0
1710146980,20.4,42.08,137,994.703,78.08,70,863,65.3,16.48,0,0.0,0.0,0.0,0,0,0,0,0,0,0,0,0,0,0,0
1710146981,20.42,42.01,141,994.705,77.93,70,863,65.32,16.49,0,0.0,0.0,0.0,0,0,0,0,0,0,0,0,0,0,0,0
1710146982,20.42,41.99,144,994.704,77.07,67,846,65.32,16.42,0,0.0,0.0,0.0,0,0,0,0,0,0,0,0,0,0,0,0
1710146983,20.42,42.01,146,994.703,78.02,70,863,65.32,16.49,0,0.0,0.0,0.0,0,0,0,0,0,0,0,0,0,0,0,0
1710146984,20.43,42.03,146,994.703,77.68,72,877,65.33,16.5,0,0.0,0.0,0.0,0,0,0,0,0,0,0,0,0,0,0,0
1710146985,20.44,42.02,146,994.701,76.96,72,877,65.35,16.51,0,0.0,0.0,0.0,0,0,0,0,0,0,0,0,0,0,0,0
1710146987,20.46,42.02,137,994.699,78.27,72,877,65.37,16.53,0,0.0,0.0,0.0,0,0,0,0,0,0,0,0,0,0,0,0
1710146988,20.46,42.04,139,994.7,76.57,74,891,65.37,16.53,0,0.0,0.0,0.0,0,0,0,0,0,0,0,0,0,0,0,0
1710146989,20.45,42.06,146,994.702,78.19,76,905,65.36,16.52,0,0.0,0.0,0.0,0,0,0,0,0,0,0,0,0,0,0,0
1710146990,20.43,42.08,146,994.702,78.63,76,905,65.34,16.5,0,0.0,0.0,0.0,0,0,0,0,0,0,0,0,0,0,0,0
1710146991,20.42,42.08,144,994.697,77.75,76,905,65.32,16.49,0,0.0,0.0,0.0,0,0,0,0,0,0,0,0,0,0,0,0
1710146992,20.42,42.07,144,994.698,77.15,78,915,65.32,16.49,0,0.0,0.0,0.0,0,0,0,0,0,0,0,0,0,0,0,0
1710146993,20.43,42.05,137,994.701,78.09,78,915,65.34,16.5,0,0.0,0.0,0.0,0,0,0,0,0,0,0,0,0,0,0,0
1710146994,20.45,42.0,146,994.703,78.81,79,925,65.36,16.52,0,0.0,0.0,0.0,0,0,0,0,0,0,0,0,0,0,0,0
1710146995,20.45,42.03,146,994.709,77.31,83,945,65.36,16.52,0,0.0,0.0,0.0,0,0,0,0,0,0,0,0,0,0,0,0
1710146997,20.44,42.03,139,994.702,77.86,83,945,65.35,16.51,0,0.0,0.0,0.0,0,0,0,0,0,0,0,0,0,0,0,0
1710146998,20.43,42.05,146,994.7,77.8,85,961,65.34,16.5,0,0.0,0.0,0.0,0,0,0,0,0,0,0,0,0,0,0,0
1710146999,20.44,42.08,139,994.699,77.73,85,961,65.35,16.51,0,0.0,0.0,0.0,0,0,0,0,0,0,0,0,0,0,0,0
1710147000,20.46,42.06,148,994.7,77.82,85,961,65.37,16.53,0,0.0,0.0,0.0,0,0,0,0,0,0,0,0,0,0,0,0
1710147001,20.44,42.08,148,994.702,79.48,85,961,65.35,16.51,0,0.0,0.0,0.0,0,0,0,0,0,0,0,0,0,0,0,0
1710147002,20.42,42.14,148,994.702,77.87,87,977,65.33,16.49,0,0.0,0.0,0.0,0,0,0,0,0,0,0,0,0,0,0,0
1710147003,20.4,42.2,141,994.701,77.3,90,992,65.31,16.51,0,0.0,0.0,0.0,0,0,0,0,0,0,0,0,0,0,0,0
1710147004,20.37,42.29,144,994.699,78.24,96,1032,65.28,16.48,0,0.0,0.0,0.0,0,0,0,0,0,0,0,0,0,0,0,0
1710147005,20.37,42.34,144,994.694,77.98,93,1012,65.28,16.48,0,0.0,0.0,0.0,0,0,0,0,0,0,0,0,0,0,0,0
1710147006,20.39,42.36,146,994.694,77.86,87,975,65.3,16.5,0,0.0,0.0,0.0,0,0,0,0,0,0,0,0,0,0,0,0
1710147008,20.41,42.33,146,994.698,78.46,85,961,65.33,16.52,0,0.0,0.0,0.0,0,0,0,0,0,0,0,0,0,0,0,0
1710147009,20.41,42.33,144,994.691,79.39,87,975,65.33,16.52,0,0.0,0.0,0.0,0,0,0,0,0,0,0,0,0,0,0,0
1710147010,20.41,42.32,146,994.694,78.15,85,961,65.33,16.52,0,0.0,0.0,0.0,0,0,0,0,0,0,0,0,0,0,0,0
1710147011,20.39,42.36,146,994.698,78.0,85,961,65.3,16.5,0,0.0,0.0,0.0,0,0,0,0,0,0,0,0,0,0,0,0
1710147012,20.37,42.37,139,994.7,78.08,85,961,65.28,16.48,0,0.0,0.0,0.0,0,0,0,0,0,0,0,0,0,0,0,0
1710147013,20.37,42.4,146,994.7,77.92,83,945,65.28,16.48,0,0.0,0.0,0.0,0,0,0,0,0,0,0,0,0,0,0,0
1710147014,20.38,42.38,141,994.699,78.83,85,961,65.29,16.49,0,0.0,0.0,0.0,0,0,0,0,0,0,0,0,0,0,0,0
1710147015,20.38,42.38,141,994.697,77.73,85,961,65.29,16.49,0,0.0,0.0,0.0,0,0,0,0,0,0,0,0,0,0,0,0
1710147016,20.38,42.4,146,994.687,77.94,85,961,65.29,16.49,0,0.0,0.0,0.0,0,0,0,0,0,0,0,0,0,0,0,0
1710147017,20.38,42.43,146,994.69,77.89,85,961,65.3,16.49,0,0.0,0.0,0.0,0,0,0,0,0,0,0,0,0,0,0,0
1710147019,20.37,42.45,146,994.69,78.06,85,961,65.28,16.48,0,0.0,0.0,0.0,0,0,0,0,0,0,0,0,0,0,0,0
1710147020,20.38,42.45,146,994.691,78.05,85,961,65.3,16.49,0,0.0,0.0,0.0,0,0,0,0,0,0,0,0,0,0,0,0
1710147021,20.38,42.46,144,994.691,76.68,83,945,65.3,16.49,0,0.0,0.0,0.0,0,0,0,0,0,0,0,0,0,0,0,0
1710147022,20.39,42.44,141,994.689,77.29,83,945,65.31,16.5,0,0.0,0.0,0.0,0,0,0,0,0,0,0,0,0,0,0,0
1710147023,20.41,42.41,148,994.691,77.67,80,927,65.33,16.52,0,0.0,0.0,0.0,0,0,0,0,0,0,0,0,0,0,0,0
1710147024,20.41,42.38,148,994.688,78.44,77,909,65.33,16.52,0,0.0,0.0,0.0,0,0,0,0,0,0,0,0,0,0,0,0
1710147025,20.42,42.34,148,994.688,78.12,80,927,65.34,16.52,0,0.0,0.0,0.0,0,0,0,0,0,0,0,0,0,0,0,0
1710147026,20.41,42.34,146,994.69,78.81,77,909,65.33,16.52,0,0.0,0.0,0.0,0,0,0,0,0,0,0,0,0,0,0,0
1710147027,20.39,42.35,146,994.692,78.75,80,927,65.3,16.5,0,0.0,0.0,0.0,0,0,0,0,0,0,0,0,0,0,0,0
1710147028,20.38,42.36,146,994.689,77.66,77,909,65.29,16.49,0,0.0,0.0,0.0,0,0,0,0,0,0,0,0,0,0,0,0
1710147030,20.4,42.33,146,994.692,76.4,77,909,65.31,16.51,0,0.0,0.0,0.0,0,0,0,0,0,0,0,0,0,0,0,0
1710147031,20.4,42.34,144,994.689,78.08,77,909,65.32,16.51,0,0.0,0.0,0.0,0,0,0,0,0,0,0,0,0,0,0,0
1710147032,20.4,42.33,146,994.683,79.63,74,889,65.31,16.51,0,0.0,0.0,0.0,0,0,0,0,0,0,0,0,0,0,0,0
1710147033,20.41,42.31,146,994.679,78.52,76,900,65.33,16.52,0,0.0,0.0,0.0,0,0,0,0,0,0,0,0,0,0,0,0
1710147034,20.42,42.3,137,994.676,77.58,74,889,65.34,16.52,0,0.0,0.0,0.0,0,0,0,0,0,0,0,0,0,0,0,0
1710147035,20.45,42.26,141,994.677,77.51,76,900,65.37,16.55,0,0.0,0.0,0.0,0,0,0,0,0,0,0,0,0,0,0,0
1710147036,20.47,42.23,146,994.68,78.01,76,900,65.39,16.56,0,0.0,0.0,0.0,0,0,0,0,0,0,0,0,0,0,0,0
1710147037,20.46,42.25,137,994.679,90.73,78,915,65.38,16.56,0,0.0,0.0,0.0,0,0,0,0,0,0,0,0,0,0,0,0
1710147038,20.44,42.29,146,994.681,77.38,79,925,65.36,16.54,0,0.0,0.0,0.0,0,0,0,0,0,0,0,0,0,0,0,0
1710147040,20.43,42.31,146,994.676,78.07,76,905,65.35,16.53,0,0.0,0.0,0.0,0,0,0,0,0,0,0,0,0,0,0,0
1710147041,20.42,42.31,146,994.672,77.59,78,915,65.34,16.52,0,0.0,0.0,0.0,0,0,0,0,0,0,0,0,0,0,0,0
1710147042,20.43,42.3,144,994.668,77.04,76,900,65.35,16.53,0,0.0,0.0,0.0,0,0,0,0,0,0,0,0,0,0,0,0
1710147043,20.43,42.31,148,994.663,79.55,76,900,65.35,16.53,0,0.0,0.0,0.0,0,0,0,0,0,0,0,0,0,0,0,0
1710147044,20.45,42.29,148,994.664,77.27,76,900,65.37,16.55,0,0.0,0.0,0.0,0,0,0,0,0,0,0,0,0,0,0,0
1710147045,20.46,42.28,148,994.664,78.53,74,889,65.39,16.56,0,0.0,0.0,0.0,0,0,0,0,0,0,0,0,0,0,0,0
1710147046,20.45,42.33,144,994.668,78.18,79,925,65.38,16.55,0,0.0,0.0,0.0,0,0,0,0,0,0,0,0,0,0,0,0
1710147047,20.45,42.33,144,994.666,78.11,78,915,65.38,16.55,0,0.0,0.0,0.0,0,0,0,0,0,0,0,0,0,0,0,0
1710147048,20.42,42.4,137,994.667,76.54,76,900,65.34,16.52,0,0.0,0.0,0.0,0,0,0,0,0,0,0,0,0,0,0,0
1710147049,20.41,42.38,146,994.668,78.51,74,889,65.33,16.52,0,0.0,0.0,0.0,0,0,0,0,0,0,0,0,0,0,0,0
1710147051,20.42,42.4,146,994.666,76.81,76,900,65.34,16.52,0,0.0,0.0,0.0,0,0,0,0,0,0,0,0,0,0,0,0
1710147052,20.42,42.41,141,994.669,77.95,74,889,65.34,16.52,0,0.0,0.0,0.0,0,0,0,0,0,0,0,0,0,0,0,0
1710147053,20.41,42.43,148,994.669,78.43,76,900,65.33,16.52,0,0.0,0.0,0.0,0,0,0,0,0,0,0,0,0,0,0,0
1710147054,20.41,42.43,148,994.668,78.35,76,900,65.33,16.52,0,0.0,0.0,0.0,0,0,0,0,0,0,0,0,0,0,0,0
1710147055,20.42,42.42,148,994.667,78.64,76,900,65.34,16.52,0,0.0,0.0,0.0,0,0,0,0,0,0,0,0,0,0,0,0
1710147056,20.44,42.41,148,994.664,78.05,76,900,65.37,16.54,0,0.0,0.0,0.0,0,0,0,0,0,0,0,0,0,0,0,0
1710147057,20.45,42.4,139,994.663,78.73,74,889,65.38,16.55,0,0.0,0.0,0.0,0,0,0,0,0,0,0,0,0,0,0,0
1710147058,20.48,42.38,141,994.661,78.3,76,900,65.42,16.57,0,0.0,0.0,0.0,0,0,0,0,0,0,0,0,0,0,0,0
1710147059,20.46,42.4,144,994.657,78.51,72,877,65.39,16.56,0,0.0,0.0,0.0,0,0,0,0,0,0,0,0,0,0,0,0
1710147060,20.45,42.4,148,994.658,78.18,70,863,65.38,16.55,0,0.0,0.0,0.0,0,0,0,0,0,0,0,0,0,0,0,0
1710147062,20.42,42.44,148,994.659,77.77,70,863,65.35,16.52,0,0.0,0.0,0.0,0,0,0,0,0,0,0,0,0,0,0,0
1710147063,20.41,42.43,148,994.663,78.48,67,846,65.33,16.52,0,0.0,0.0,0.0,0,0,0,0,0,0,0,0,0,0,0,0
1710147064,20.4,42.46,144,994.661,77.28,70,863,65.32,16.51,0,0.0,0.0,0.0,0,0,0,0,0,0,0,0,0,0,0,0
1710147065,20.41,42.44,146,994.658,78.19,67,846,65.33,16.52,0,0.0,0.0,0.0,0,0,0,0,0,0,0,0,0,0,0,0
1710147066,20.42,42.42,141,994.66,77.31,65,832,65.34,16.52,0,0.0,0.0,0.0,0,0,0,0,0,0,0,0,0,0,0,0
1710147067,20.43,42.41,146,994.662,78.87,65,832,65.36,16.53,0,0.0,0.0,0.0,0,0,0,0,0,0,0,0,0,0,0,0
1710147068,20.44,42.35,146,994.66,77.42,67,846,65.37,16.54,0,0.0,0.0,0.0,0,0,0,0,0,0,0,0,0,0,0,0
1710147069,20.45,42.34,148,994.658,77.37,65,832,65.38,16.55,0,0.0,0.0,0.0,0,0,0,0,0,0,0,0,0,0,0,0
1710147070,20.45,42.37,146,994.661,77.43,67,846,65.38,16.55,0,0.0,0.0,0.0,0,0,0,0,0,0,0,0,0,0,0,0
1710147072,20.44,42.4,146,994.657,77.56,65,832,65.37,16.54,0,0.0,0.0,0.0,0,0,0,0,0,0,0,0,0,0,0,0
1710147073,20.45,42.38,146,994.658,76.9,67,846,65.38,16.55,0,0.0,0.0,0.0,0,0,0,0,0,0,0,0,0,0,0,0
1710147074,20.47,42.34,146,994.655,77.85,67,846,65.4,16.56,0,0.0,0.0,0.0,0,0,0,0,0,0,0,0,0,0,0,0
1710147075,20.48,42.3,146,994.654,76.54,65,832,65.41,16.57,0,0.0,0.0,0.0,0,0,0,0,0,0,0,0,0,0,0,0
1710147076,20.52,42.25,137,994.653,77.9,67,846,65.46,16.6,0,0.0,0.0,0.0,0,0,0,0,0,0,0,0,0,0,0,0
1710147077,20.53,42.23,137,994.66,77.66,67,846,65.47,16.61,0,0.0,0.0,0.0,0,0,0,0,0,0,0,0,0,0,0,0
1710147078,20.52,42.23,148,994.659,78.21,67,846,65.46,16.6,0,0.0,0.0,0.0,0,0,0,0,0,0,0,0,0,0,0,0
1710147079,20.52,42.25,146,994.657,78.4,70,863,65.46,16.6,0,0.0,0.0,0.0,0,0,0,0,0,0,0,0,0,0,0,0
1710147080,20.51,42.27,146,994.65,78.87,74,891,65.45,16.6,0,0.0,0.0,0.0,0,0,0,0,0,0,0,0,0,0,0,0
1710147081,20.5,42.32,146,994.649,77.1,72,877,65.44,16.59,0,0.0,0.0,0.0,0,0,0,0,0,0,0,0,0,0,0,0
1710147083,20.49,42.33,144,994.651,77.27,72,877,65.43,16.58,0,0.0,0.0,0.0,0,0,0,0,0,0,0,0,0,0,0,0
1710147084,20.5,42.33,146,994.651,77.5,70,863,65.44,16.59,0,0.0,0.0,0.0,0,0,0,0,0,0,0,0,0,0,0,0
1710147085,20.52,42.34,146,994.654,77.18,70,863,65.46,16.6,0,0.0,0.0,0.0,0,0,0,0,0,0,0,0,0,0,0,0
1710147086,20.51,42.3,146,994.654,77.89,67,846,65.45,16.6,0,0.0,0.0,0.0,0,0,0,0,0,0,0,0,0,0,0,0
1710147087,20.53,42.3,146,994.652,77.65,70,863,65.47,16.61,0,0.0,0.0,0.0,0,0,0,0,0,0,0,0,0,0,0,0
1710147088,20.52,42.27,141,994.654,77.64,72,877,65.46,16.6,0,0.0,0.0,0.0,0,0,0,0,0,0,0,0,0,0,0,0
1710147089,20.51,42.29,146,994.654,77.49,74,889,65.45,16.6,0,0.0,0.0,0.0,0,0,0,0,0,0,0,0,0,0,0,0
1710147090,20.52,42.3,141,994.651,77.14,76,905,65.46,16.6,0,0.0,0.0,0.0,0,0,0,0,0,0,0,0,0,0,0,0
1710147091,20.5,42.34,146,994.651,77.89,74,889,65.44,16.59,0,0.0,0.0,0.0,0,0,0,0,0,0,0,0,0,0,0,0
1710147092,20.5,42.33,146,994.646,78.18,72,877,65.44,16.59,0,0.0,0.0,0.0,0,0,0,0,0,0,0,0,0,0,0,0
1710147094,20.5,42.31,146,994.641,78.45,72,877,65.44,16.59,0,0.0,0.0,0.0,0,0,0,0,0,0,0,0,0,0,0,0
1710147095,20.52,42.28,148,994.638,76.82,72,877,65.46,16.6,0,0.0,0.0,0.0,0,0,0,0,0,0,0,0,0,0,0,0
1710147096,20.51,42.32,144,994.636,78.74,72,877,65.45,16.6,0,0.0,0.0,0.0,0,0,0,0,0,0,0,0,0,0,0,0
1710147097,20.5,42.33,146,994.633,76.86,74,891,65.44,16.59,0,0.0,0.0,0.0,0,0,0,0,0,0,0,0,0,0,0,0
1710147098,20.52,42.3,146,994.629,76.87,72,877,65.46,16.6,0,0.0,0.0,0.0,0,0,0,0,0,0,0,0,0,0,0,0
1710147099,20.52,42.28,141,994.627,76.7,72,877,65.46,16.6,0,0.0,0.0,0.0,0,0,0,0,0,0,0,0,0,0,0,0
1710147100,20.53,42.25,146,994.625,76.89,70,863,65.47,16.61,0,0.0,0.0,0.0,0,0,0,0,0,0,0,0,0,0,0,0
1710147101,20.55,42.2,144,994.628,78.85,72,877,65.49,16.62,0,0.0,0.0,0.0,0,0,0,0,0,0,0,0,0,0,0,0
1710147102,20.54,42.21,146,994.628,79.45,72,877,65.48,16.62,0,0.0,0.0,0.0,0,0,0,0,0,0,0,0,0,0,0,0
1710147103,20.55,42.17,139,994.628,78.52,72,877,65.49,16.62,0,0.0,0.0,0.0,0,0,0,0,0,0,0,0,0,0,0,0
1710147105,20.54,42.16,146,994.629,78.38,72,877,65.48,16.62,0,0.0,0.0,0.0,0,0,0,0,0,0,0,0,0,0,0,0
1710147106,20.56,42.12,148,994.63,78.16,72,877,65.5,16.61,0,0.0,0.0,0.0,0,0,0,0,0,0,0,0,0,0,0,0
1710147107,20.56,42.15,148,994.631,77.11,74,891,65.5,16.61,0,0.0,0.0,0.0,0,0,0,0,0,0,0,0,0,0,0,0
1710147108,20.55,42.14,146,994.636,76.79,72,877,65.49,16.6,0,0.0,0.0,0.0,0,0,0,0,0,0,0,0,0,0,0,0
1710147109,20.55,42.16,146,994.639,77.28,72,877,65.49,16.62,0,0.0,0.0,0.0,0,0,0,0,0,0,0,0,0,0,0,0
1710147110,20.55,42.19,146,994.635,78.24,72,877,65.49,16.62,0,0.0,0.0,0.0,0,0,0,0,0,0,0,0,0,0,0,0
1710147111,20.56,42.16,146,994.632,77.29,72,877,65.5,16.63,0,0.0,0.0,0.0,0,0,0,0,0,0,0,0,0,0,0,0
1710147112,20.56,42.19,137,994.634,78.01,74,891,65.5,16.63,0,0.0,0.0,0.0,0,0,0,0,0,0,0,0,0,0,0,0
1710147113,20.56,42.22,148,994.632,77.7,74,891,65.5,16.63,0,0.0,0.0,0.0,0,0,0,0,0,0,0,0,0,0,0,0
1710147115,20.53,42.28,146,994.628,76.23,74,891,65.47,16.61,0,0.0,0.0,0.0,0,0,0,0,0,0,0,0,0,0,0,0
1710147116,20.52,42.32,146,994.628,78.18,76,905,65.46,16.6,0,0.0,0.0,0.0,0,0,0,0,0,0,0,0,0,0,0,0
1710147117,20.53,42.33,146,994.633,78.02,74,891,65.47,16.61,0,0.0,0.0,0.0,0,0,0,0,0,0,0,0,0,0,0,0
1710147118,20.52,42.33,146,994.633,77.97,74,889,65.46,16.6,0,0.0,0.0,0.0,0,0,0,0,0,0,0,0,0,0,0,0
1710147119,20.51,42.36,146,994.631,78.05,74,889,65.45,16.6,0,0.0,0.0,0.0,0,0,0,0,0,0,0,0,0,0,0,0
1710147120,20.51,42.36,146,994.629,76.59,72,877,65.45,16.6,0,0.0,0.0,0.0,0,0,0,0,0,0,0,0,0,0,0,0
1710147121,20.49,42.4,146,994.629,77.82,76,900,65.43,16.58,0,0.0,0.0,0.0,0,0,0,0,0,0,0,0,0,0,0,0
1710147122,20.47,42.44,137,994.629,78.46,74,889,65.41,16.56,0,0.0,0.0,0.0,0,0,0,0,0,0,0,0,0,0,0,0
1710147123,20.46,42.46,148,994.631,78.23,74,889,65.4,16.56,0,0.0,0.0,0.0,0,0,0,0,0,0,0,0,0,0,0,0
1710147124,20.45,42.46,148,994.627,77.23,74,889,65.38,16.55,0,0.0,0.0,0.0,0,0,0,0,0,0,0,0,0,0,0,0
1710147126,20.48,42.42,148,994.627,76.96,76,900,65.42,16.57,0,0.0,0.0,0.0,0,0,0,0,0,0,0,0,0,0,0,0
1710147127,20.47,42.41,146,994.622,75.69,74,889,65.41,16.56,0,0.0,0.0,0.0,0,0,0,0,0,0,0,0,0,0,0,0
1710147128,20.49,42.4,146,994.621,78.15,76,900,65.43,16.58,0,0.0,0.0,0.0,0,0,0,0,0,0,0,0,0,0,0,0
1710147129,20.5,42.38,148,994.618,77.51,74,889,65.44,16.59,0,0.0,0.0,0.0,0,0,0,0,0,0,0,0,0,0,0,0
1710147130,20.48,42.43,148,994.615,77.27,74,889,65.42,16.57,0,0.0,0.0,0.0,0,0,0,0,0,0,0,0,0,0,0,0
1710147131,20.46,42.47,148,994.612,77.66,76,900,65.4,16.56,0,0.0,0.0,0.0,0,0,0,0,0,0,0,0,0,0,0,0
1710147132,20.44,42.5,139,994.612,77.34,74,889,65.37,16.54,0,0.0,0.0,0.0,0,0,0,0,0,0,0,0,0,0,0,0
1710147133,20.45,42.5,146,994.613,78.61,74,889,65.39,16.55,0,0.0,0.0,0.0,0,0,0,0,0,0,0,0,0,0,0,0
1710147134,20.47,42.42,148,994.613,77.93,74,889,65.41,16.56,0,0.0,0.0,0.0,0,0,0,0,0,0,0,0,0,0,0,0
1710147135,20.5,42.36,148,994.613,78.26,74,889,65.44,16.59,0,0.0,0.0,0.0,0,0,0,0,0,0,0,0,0,0,0,0
1710147137,20.51,42.35,146,994.614,77.19,74,889,65.45,16.6,0,0.0,0.0,0.0,0,0,0,0,0,0,0,0,0,0,0,0
1710147138,20.52,42.33,146,994.615,76.28,72,877,65.46,16.6,0,0.0,0.0,0.0,0,0,0,0,0,0,0,0,0,0,0,0
1710147139,20.51,42.34,146,994.614,78.24,74,889,65.45,16.6,0,0.0,0.0,0.0,0,0,0,0,0,0,0,0,0,0,0,0
1710147140,20.5,42.38,146,994.616,77.95,74,889,65.44,16.59,0,0.0,0.0,0.0,0,0,0,0,0,0,0,0,0,0,0,0
1710147141,20.51,42.35,144,994.613,78.13,74,889,65.45,16.6,0,0.0,0.0,0.0,0,0,0,0,0,0,0,0,0,0,0,0
1710147142,20.5,42.38,146,994.611,77.85,72,877,65.44,16.59,0,0.0,0.0,0.0,0,0,0,0,0,0,0,0,0,0,0,0
1710147143,20.51,42.35,141,994.606,77.67,72,877,65.45,16.6,0,0.0,0.0,0.0,0,0,0,0,0,0,0,0,0,0,0,0
1710147144,20.51,42.33,148,994.605,78.18,72,877,65.45,16.6,0,0.0,0.0,0.0,0,0,0,0,0,0,0,0,0,0,0,0
1710147145,20.52,42.33,148,994.604,77.55,72,877,65.46,16.6,0,0.0,0.0,0.0,0,0,0,0,0,0,0,0,0,0,0,0
1710147147,20.53,42.34,137,994.609,78.59,70,863,65.48,16.61,0,0.0,0.0,0.0,0,0,0,0,0,0,0,0,0,0,0,0
1710147148,20.54,42.32,146,994.605,77.78,70,863,65.49,16.62,0,0.0,0.0,0.0,0,0,0,0,0,0,0,0,0,0,0,0
1710147149,20.54,42.28,146,994.603,77.4,70,863,65.48,16.62,0,0.0,0.0,0.0,0,0,0,0,0,0,0,0,0,0,0,0
1710147150,20.55,42.25,144,994.6,77.2,70,863,65.49,16.62,0,0.0,0.0,0.0,0,0,0,0,0,0,0,0,0,0,0,0
1710147151,20.54,42.23,141,994.601,78.69,70,863,65.48,16.62,0,0.0,0.0,0.0,0,0,0,0,0,0,0,0,0,0,0,0
1710147152,20.54,42.25,139,994.6,78.31,70,863,65.48,16.62,0,0.0,0.0,0.0,0,0,0,0,0,0,0,0,0,0,0,0
1710147153,20.55,42.25,146,994.598,78.5,70,863,65.49,16.62,0,0.0,0.0,0.0,0,0,0,0,0,0,0,0,0,0,0,0
1710147154,20.56,42.24,146,994.599,78.04,72,877,65.51,16.63,0,0.0,0.0,0.0,0,0,0,0,0,0,0,0,0,0,0,0
1710147155,20.55,42.26,144,994.598,78.07,70,863,65.49,16.62,0,0.0,0.0,0.0,0,0,0,0,0,0,0,0,0,0,0,0
1710147156,20.55,42.25,146,994.597,77.58,72,877,65.49,16.62,0,0.0,0.0,0.0,0,0,0,0,0,0,0,0,0,0,0,0
1710147158,20.57,42.24,146,994.596,78.72,74,891,65.52,16.64,0,0.0,0.0,0.0,0,0,0,0,0,0,0,0,0,0,0,0
1710147159,20.59,42.19,144,994.594,78.11,74,891,65.54,16.65,0,0.0,0.0,0.0,0,0,0,0,0,0,0,0,0,0,0,0
1710147160,20.6,42.16,146,994.597,79.63,76,905,65.55,16.66,0,0.0,0.0,0.0,0,0,0,0,0,0,0,0,0,0,0,0
1710147161,20.6,42.17,144,994.599,77.09,74,891,65.55,16.66,0,0.0,0.0,0.0,0,0,0,0,0,0,0,0,0,0,0,0
1710147162,20.59,42.18,148,994.599,79.93,76,905,65.54,16.65,0,0.0,0.0,0.0,0,0,0,0,0,0,0,0,0,0,0,0
1710147163,20.59,42.22,148,994.597,78.53,76,905,65.54,16.65,0,0.0,0.0,0.0,0,0,0,0,0,0,0,0,0,0,0,0
1710147164,20.58,42.22,148,994.595,77.48,74,891,65.53,16.64,0,0.0,0.0,0.0,0,0,0,0,0,0,0,0,0,0,0,0
1710147165,20.58,42.23,146,994.593,78.68,74,891,65.53,16.64,0,0.0,0.0,0.0,0,0,0,0,0,0,0,0,0,0,0,0
1710147166,20.59,42.21,141,994.602,79.14,78,915,65.54,16.65,0,0.0,0.0,0.0,0,0,0,0,0,0,0,0,0,0,0,0
1710147167,20.59,42.22,146,994.595,78.15,76,905,65.54,16.65,0,0.0,0.0,0.0,0,0,0,0,0,0,0,0,0,0,0,0
1710147169,20.58,42.26,146,994.588,77.57,78,915,65.53,16.64,0,0.0,0.0,0.0,0,0,0,0,0,0,0,0,0,0,0,0
1710147170,20.58,42.28,146,994.584,98.23,78,915,65.53,16.64,0,0.0,0.0,0.0,0,0,0,0,0,0,0,0,0,0,0,0
1710147171,20.56,42.34,139,994.568,77.64,79,925,65.51,16.63,0,0.0,0.0,0.0,0,0,0,0,0,0,0,0,0,0,0,0
1710147172,20.55,42.4,139,994.571,77.43,79,925,65.5,16.62,0,0.0,0.0,0.0,0,0,0,0,0,0,0,0,0,0,0,0
1710147173,20.56,42.39,144,994.573,77.22,77,909,65.52,16.63,0,0.0,0.0,0.0,0,0,0,0,0,0,0,0,0,0,0,0
1710147174,20.55,42.41,146,994.574,77.45,77,909,65.5,16.62,0,0.0,0.0,0.0,0,0,0,0,0,0,0,0,0,0,0,0
1710147175,20.54,42.45,146,994.577,77.92,77,909,65.49,16.62,0,0.0,0.0,0.0,0,0,0,0,0,0,0,0,0,0,0,0
1710147176,20.56,42.39,146,994.579,78.02,77,909,65.52,16.63,0,0.0,0.0,0.0,0,0,0,0,0,0,0,0,0,0,0,0
1710147177,20.56,42.34,146,994.584,79.42,80,927,65.51,16.63,0,0.0,0.0,0.0,0,0,0,0,0,0,0,0,0,0,0,0
1710147178,20.58,42.29,146,994.582,77.06,80,927,65.53,16.64,0,0.0,0.0,0.0,0,0,0,0,0,0,0,0,0,0,0,0
1710147180,20.58,42.33,137,994.583,77.7,80,927,65.54,16.64,0,0.0,0.0,0.0,0,0,0,0,0,0,0,0,0,0,0,0
1710147181,20.58,42.36,146,994.584,79.5,87,977,65.54,16.64,0,0.0,0.0,0.0,0,0,0,0,0,0,0,0,0,0,0,0
1710147182,20.57,42.41,146,994.584,78.31,80,927,65.53,16.64,0,0.0,0.0,0.0,0,0,0,0,0,0,0,0,0,0,0,0
1710147183,20.56,42.43,144,994.585,77.46,83,945,65.52,16.63,0,0.0,0.0,0.0,0,0,0,0,0,0,0,0,0,0,0,0
1710147184,20.54,42.49,146,994.589,78.2,83,945,65.5,16.62,0,0.0,0.0,0.0,0,0,0,0,0,0,0,0,0,0,0,0
1710147185,20.52,42.56,146,994.587,77.89,80,927,65.48,16.6,0,0.0,0.0,0.0,0,0,0,0,0,0,0,0,0,0,0,0
1710147186,20.5,42.62,146,994.586,78.01,83,945,65.46,16.59,0,0.0,0.0,0.0,0,0,0,0,0,0,0,0,0,0,0,0
1710147187,20.5,42.65,141,994.585,78.26,80,927,65.46,16.59,0,0.0,0.0,0.0,0,0,0,0,0,0,0,0,0,0,0,0
1710147188,20.52,42.62,146,994.586,77.78,83,945,65.48,16.6,0,0.0,0.0,0.0,0,0,0,0,0,0,0,0,0,0,0,0
1710147190,20.55,42.57,148,994.583,76.73,83,945,65.51,16.62,0,0.0,0.0,0.0,0,0,0,0,0,0,0,0,0,0,0,0
1710147191,20.55,42.59,148,994.584,78.54,83,945,65.51,16.62,0,0.0,0.0,0.0,0,0,0,0,0,0,0,0,0,0,0,0
1710147192,20.53,42.63,144,994.582,76.73,85,961,65.49,16.61,0,0.0,0.0,0.0,0,0,0,0,0,0,0,0,0,0,0,0
1710147193,20.52,42.67,139,994.58,77.16,85,961,65.48,16.6,0,0.0,0.0,0.0,0,0,0,0,0,0,0,0,0,0,0,0
1710147194,20.51,42.73,146,994.579,78.35,90,995,65.47,16.6,0,0.0,0.0,0.0,0,0,0,0,0,0,0,0,0,0,0,0
1710147195,20.51,42.72,146,994.577,76.95,90,995,65.47,16.6,0,0.0,0.0,0.0,0,0,0,0,0,0,0,0,0,0,0,0
1710147196,20.56,42.68,146,994.578,78.37,90,995,65.53,16.63,0,0.0,0.0,0.0,0,0,0,0,0,0,0,0,0,0,0,0
1710147197,20.57,42.65,146,994.574,77.66,92,1009,65.54,16.64,0,0.0,0.0,0.0,0,0,0,0,0,0,0,0,0,0,0,0
1710147198,20.63,42.63,148,994.574,77.28,99,1050,65.62,16.68,0,0.0,0.0,0.0,0,0,0,0,0,0,0,0,0,0,0,0
1710147199,20.62,42.64,148,994.574,78.15,99,1050,65.6,16.68,0,0.0,0.0,0.0,0,0,0,0,0,0,0,0,0,0,0,0
1710147201,20.63,42.63,148,994.571,78.36,101,1065,65.62,16.68,0,0.0,0.0,0.0,0,0,0,0,0,0,0,0,0,0,0,0
1710147202,20.61,42.63,139,994.572,77.55,104,1086,65.59,16.67,0,0.0,0.0,0.0,0,0,0,0,0,0,0,0,0,0,0,0
1710147203,20.6,42.63,139,994.573,77.82,101,1065,65.58,16.66,0,0.0,0.0,0.0,0,0,0,0,0,0,0,0,0,0,0,0
1710147204,20.62,42.66,144,994.572,78.2,99,1050,65.61,16.68,0,0.0,0.0,0.0,0,0,0,0,0,0,0,0,0,0,0,0
1710147205,20.61,42.7,146,994.569,78.4,95,1029,65.6,16.67,0,0.0,0.0,0.0,0,0,0,0,0,0,0,0,0,0,0,0
1710147206,20.62,42.68,146,994.564,77.89,101,1065,65.61,16.68,0,0.0,0.0,0.0,0,0,0,0,0,0,0,0,0,0,0,0
1710147207,20.61,42.7,148,994.565,77.82,95,1029,65.6,16.67,0,0.0,0.0,0.0,0,0,0,0,0,0,0,0,0,0,0,0
1710147208,20.61,42.67,146,994.565,77.95,99,1050,65.59,16.67,0,0.0,0.0,0.0,0,0,0,0,0,0,0,0,0,0,0,0
1710147209,20.59,42.71,148,994.568,79.32,90,995,65.57,16.65,0,0.0,0.0,0.0,0,0,0,0,0,0,0,0,0,0,0,0
1710147210,20.59,42.7,148,994.567,78.82,87,975,65.57,16.65,0,0.0,0.0,0.0,0,0,0,0,0,0,0,0,0,0,0,0
1710147212,20.59,42.72,148,994.567,77.74,90,995,65.57,16.65,0,0.0,0.0,0.0,0,0,0,0,0,0,0,0,0,0,0,0
1710147213,20.61,42.7,146,994.572,77.89,90,995,65.6,16.67,0,0.0,0.0,0.0,0,0,0,0,0,0,0,0,0,0,0,0
1710147214,20.6,42.68,144,994.57,78.23,87,975,65.58,16.66,0,0.0,0.0,0.0,0,0,0,0,0,0,0,0,0,0,0,0
1710147215,20.61,42.65,146,994.572,79.83,85,961,65.59,16.67,0,0.0,0.0,0.0,0,0,0,0,0,0,0,0,0,0,0,0
1710147216,20.59,42.66,141,994.573,80.88,85,961,65.57,16.65,0,0.0,0.0,0.0,0,0,0,0,0,0,0,0,0,0,0,0
1710147217,20.58,42.65,146,994.572,81.26,87,975,65.56,16.64,0,0.0,0.0,0.0,0,0,0,0,0,0,0,0,0,0,0,0
1710147218,20.6,42.62,148,994.569,80.83,85,961,65.58,16.66,0,0.0,0.0,0.0,0,0,0,0,0,0,0,0,0,0,0,0
1710147219,20.65,42.54,146,994.57,81.13,87,975,65.63,16.7,0,0.0,0.0,0.0,0,0,0,0,0,0,0,0,0,0,0,0
1710147220,20.65,42.56,146,994.573,81.91,90,995,65.64,16.7,0,0.0,0.0,0.0,0,0,0,0,0,0,0,0,0,0,0,0
1710147222,20.64,42.6,144,994.572,81.25,90,995,65.63,16.69,0,0.0,0.0,0.0,0,0,0,0,0,0,0,0,0,0,0,0
1710147223,20.64,42.65,146,994.571,81.91,90,995,65.63,16.69,0,0.0,0.0,0.0,0,0,0,0,0,0,0,0,0,0,0,0
1710147224,20.63,42.68,144,994.571,81.83,90,995,65.62,16.68,0,0.0,0.0,0.0,0,0,0,0,0,0,0,0,0,0,0,0
1710147225,20.65,42.63,146,994.571,82.28,85,961,65.64,16.7,0,0.0,0.0,0.0,0,0,0,0,0,0,0,0,0,0,0,0
1710147226,20.68,42.57,146,994.568,82.56,87,975,65.67,16.73,0,0.0,0.0,0.0,0,0,0,0,0,0,0,0,0,0,0,0
1710147227,20.67,42.53,144,994.568,82.38,85,961,65.66,16.72,0,0.0,0.0,0.0,0,0,0,0,0,0,0,0,0,0,0,0
1710147228,20.68,42.51,146,994.569,80.45,85,961,65.67,16.73,0,0.0,0.0,0.0,0,0,0,0,0,0,0,0,0,0,0,0
1710147229,20.7,42.49,146,994.567,80.58,87,975,65.69,16.74,0,0.0,0.0,0.0,0,0,0,0,0,0,0,0,0,0,0,0
1710147230,20.68,42.5,144,994.563,82.15,87,975,65.67,16.73,0,0.0,0.0,0.0,0,0,0,0,0,0,0,0,0,0,0,0
1710147231,20.7,42.47,146,994.562,82.33,85,961,65.69,16.74,0,0.0,0.0,0.0,0,0,0,0,0,0,0,0,0,0,0,0
1710147233,20.69,42.45,146,994.561,81.09,85,961,65.68,16.73,0,0.0,0.0,0.0,0,0,0,0,0,0,0,0,0,0,0,0
1710147234,20.71,42.44,144,994.558,81.07,83,945,65.7,16.75,0,0.0,0.0,0.0,0,0,0,0,0,0,0,0,0,0,0,0
1710147235,20.7,42.46,146,994.558,80.2,80,927,65.69,16.74,0,0.0,0.0,0.0,0,0,0,0,0,0,0,0,0,0,0,0
1710147236,20.68,42.45,141,994.555,81.61,80,927,65.67,16.73,0,0.0,0.0,0.0,0,0,0,0,0,0,0,0,0,0,0,0
1710147237,20.67,42.48,146,994.548,79.36,80,927,65.66,16.72,0,0.0,0.0,0.0,0,0,0,0,0,0,0,0,0,0,0,0
1710147238,20.65,42.48,137,994.547,78.11,77,909,65.63,16.7,0,0.0,0.0,0.0,0,0,0,0,0,0,0,0,0,0,0,0
1710147239,20.66,42.42,137,994.548,77.9,77,909,65.64,16.71,0,0.0,0.0,0.0,0,0,0,0,0,0,0,0,0,0,0,0
1710147240,20.68,42.39,146,994.547,82.33,77,909,65.66,16.73,0,0.0,0.0,0.0,0,0,0,0,0,0,0,0,0,0,0,0
1710147241,20.7,42.35,146,994.541,81.12,80,927,65.68,16.74,0,0.0,0.0,0.0,0,0,0,0,0,0,0,0,0,0,0,0
1710147242,20.7,42.37,148,994.536,80.21,80,927,65.69,16.74,0,0.0,0.0,0.0,0,0,0,0,0,0,0,0,0,0,0,0
1710147244,20.7,42.38,146,994.536,77.39,85,961,65.69,16.74,0,0.0,0.0,0.0,0,0,0,0,0,0,0,0,0,0,0,0
1710147245,20.71,42.41,146,994.536,78.04,80,927,65.7,16.75,0,0.0,0.0,0.0,0,0,0,0,0,0,0,0,0,0,0,0
1710147246,20.71,42.42,146,994.531,78.58,83,945,65.7,16.75,0,0.0,0.0,0.0,0,0,0,0,0,0,0,0,0,0,0,0
1710147247,20.7,42.47,146,994.528,77.58,83,945,65.69,16.74,0,0.0,0.0,0.0,0,0,0,0,0,0,0,0,0,0,0,0
1710147248,20.67,42.52,146,994.529,77.5,83,945,65.66,16.72,0,0.0,0.0,0.0,0,0,0,0,0,0,0,0,0,0,0,0
1710147249,20.68,42.5,146,994.531,77.88,83,945,65.67,16.73,0,0.0,0.0,0.0,0,0,0,0,0,0,0,0,0,0,0,0
1710147250,20.66,42.55,144,994.528,81.64,85,961,65.65,16.71,0,0.0,0.0,0.0,0,0,0,0,0,0,0,0,0,0,0,0
1710147251,20.66,42.58,146,994.525,81.88,87,975,65.65,16.71,0,0.0,0.0,0.0,0,0,0,0,0,0,0,0,0,0,0,0
1710147252,20.64,42.62,146,994.523,82.41,87,975,65.63,16.69,0,0.0,0.0,0.0,0,0,0,0,0,0,0,0,0,0,0,0
1710147254,20.66,42.63,150,994.518,77.77,87,975,65.65,16.71,0,0.0,0.0,0.0,0,0,0,0,0,0,0,0,0,0,0,0
1710147255,20.65,42.65,150,994.516,79.59,90,995,65.64,16.7,0,0.0,0.0,0.0,0,0,0,0,0,0,0,0,0,0,0,0
1710147256,20.67,42.63,148,994.516,81.06,90,995,65.67,16.72,0,0.0,0.0,0.0,0,0,0,0,0,0,0,0,0,0,0,0
1710147257,20.67,42.64,148,994.516,82.1,90,995,65.67,16.72,0,0.0,0.0,0.0,0,0,0,0,0,0,0,0,0,0,0,0
1710147258,20.67,42.61,148,994.51,81.53,87,975,65.66,16.72,0,0.0,0.0,0.0,0,0,0,0,0,0,0,0,0,0,0,0
1710147259,20.66,42.63,150,994.512,82.23,85,961,65.65,16.71,0,0.0,0.0,0.0,0,0,0,0,0,0,0,0,0,0,0,0
1710147260,20.66,42.63,150,994.516,80.83,85,961,65.65,16.71,0,0.0,0.0,0.0,0,0,0,0,0,0,0,0,0,0,0,0
1710147261,20.66,42.64,148,994.512,81.46,85,961,65.65,16.71,0,0.0,0.0,0.0,0,0,0,0,0,0,0,0,0,0,0,0
1710147262,20.6,42.78,148,994.511,80.79,85,961,65.59,16.69,0,0.0,0.0,0.0,0,0,0,0,0,0,0,0,0,0,0,0
1710147263,20.59,42.82,148,994.513,81.62,83,945,65.58,16.68,0,0.0,0.0,0.0,0,0,0,0,0,0,0,0,0,0,0,0
1710147265,20.57,42.81,150,994.513,82.15,83,945,65.55,16.67,0,0.0,0.0,0.0,0,0,0,0,0,0,0,0,0,0,0,0
1710147266,20.59,42.79,148,994.508,82.39,80,930,65.58,16.68,0,0.0,0.0,0.0,0,0,0,0,0,0,0,0,0,0,0,0
1710147267,20.6,42.75,148,994.51,81.83,78,915,65.59,16.66,0,0.0,0.0,0.0,0,0,0,0,0,0,0,0,0,0,0,0
1710147268,20.58,42.76,148,994.51,82.32,77,909,65.56,16.64,0,0.0,0.0,0.0,0,0,0,0,0,0,0,0,0,0,0,0
1710147269,20.58,42.77,148,994.506,81.36,80,927,65.56,16.64,0,0.0,0.0,0.0,0,0,0,0,0,0,0,0,0,0,0,0
1710147270,20.56,42.76,148,994.508,79.08,77,909,65.54,16.63,0,0.0,0.0,0.0,0,0,0,0,0,0,0,0,0,0,0,0
1710147271,20.57,42.75,150,994.506,78.63,77,909,65.55,16.64,0,0.0,0.0,0.0,0,0,0,0,0,0,0,0,0,0,0,0
1710147272,20.56,42.73,148,994.508,78.57,77,909,65.54,16.63,0,0.0,0.0,0.0,0,0,0,0,0,0,0,0,0,0,0,0
1710147273,20.58,42.73,148,994.496,87.37,77,909,65.56,16.64,0,0.0,0.0,0.0,0,0,0,0,0,0,0,0,0,0,0,0
1710147274,20.58,42.75,148,994.493,84.69,76,900,65.56,16.64,0,0.0,0.0,0.0,0,0,0,0,0,0,0,0,0,0,0,0
1710147276,20.59,42.77,148,994.491,82.05,76,900,65.58,16.65,0,0.0,0.0,0.0,0,0,0,0,0,0,0,0,0,0,0,0
1710147277,20.6,42.78,150,994.49,81.86,77,909,65.59,16.69,0,0.0,0.0,0.0,0,0,0,0,0,0,0,0,0,0,0,0
1710147278,20.61,42.78,148,994.487,83.08,76,900,65.6,16.7,0,0.0,0.0,0.0,0,0,0,0,0,0,0,0,0,0,0,0
1710147279,20.59,42.79,150,994.486,81.98,76,900,65.58,16.68,0,0.0,0.0,0.0,0,0,0,0,0,0,0,0,0,0,0,0
1710147280,20.58,42.79,150,994.485,82.88,77,909,65.56,16.67,0,0.0,0.0,0.0,0,0,0,0,0,0,0,0,0,0,0,0
1710147281,20.57,42.79,150,994.483,80.63,77,909,65.55,16.67,0,0.0,0.0,0.0,0,0,0,0,0,0,0,0,0,0,0,0
1710147282,20.57,42.76,148,994.485,78.18,77,909,65.55,16.64,0,0.0,0.0,0.0,0,0,0,0,0,0,0,0,0,0,0,0
1710147283,20.57,42.75,150,994.482,80.83,77,909,65.55,16.64,0,0.0,0.0,0.0,0,0,0,0,0,0,0,0,0,0,0,0
1710147284,20.56,42.75,148,994.483,82.13,80,927,65.54,16.63,0,0.0,0.0,0.0,0,0,0,0,0,0,0,0,0,0,0,0
1710147286,20.57,42.75,148,994.485,82.5,80,927,65.55,16.64,0,0.0,0.0,0.0,0,0,0,0,0,0,0,0,0,0,0,0
1710147287,20.57,42.76,150,994.485,83.01,83,945,65.55,16.64,0,0.0,0.0,0.0,0,0,0,0,0,0,0,0,0,0,0,0
1710147288,20.59,42.75,148,994.482,83.88,83,945,65.57,16.65,0,0.0,0.0,0.0,0,0,0,0,0,0,0,0,0,0,0,0
1710147289,20.61,42.69,148,994.478,77.98,85,961,65.59,16.67,0,0.0,0.0,0.0,0,0,0,0,0,0,0,0,0,0,0,0
1710147290,20.61,42.69,148,994.479,78.77,85,961,65.59,16.67,0,0.0,0.0,0.0,0,0,0,0,0,0,0,0,0,0,0,0
1710147291,20.62,42.67,148,994.477,80.39,87,975,65.61,16.68,0,0.0,0.0,0.0,0,0,0,0,0,0,0,0,0,0,0,0
1710147292,20.62,42.68,148,994.472,83.83,80,927,65.61,16.68,0,0.0,0.0,0.0,0,0,0,0,0,0,0,0,0,0,0,0
1710147293,20.63,42.7,148,994.467,81.91,80,927,65.62,16.68,0,0.0,0.0,0.0,0,0,0,0,0,0,0,0,0,0,0,0
1710147294,20.63,42.73,148,994.471,83.42,80,927,65.62,16.68,0,0.0,0.0,0.0,0,0,0,0,0,0,0,0,0,0,0,0
1710147295,20.62,42.77,148,994.47,81.9,77,909,65.61,16.68,0,0.0,0.0,0.0,0,0,0,0,0,0,0,0,0,0,0,0
1710147297,20.61,42.77,150,994.468,82.86,77,909,65.6,16.67,0,0.0,0.0,0.0,0,0,0,0,0,0,0,0,0,0,0,0
1710147298,20.62,42.75,150,994.468,82.19,76,900,65.61,16.68,0,0.0,0.0,0.0,0,0,0,0,0,0,0,0,0,0,0,0
1710147299,20.61,42.76,150,994.465,81.63,74,889,65.6,16.67,0,0.0,0.0,0.0,0,0,0,0,0,0,0,0,0,0,0,0
1710147300,20.62,42.73,148,994.466,82.15,76,900,65.61,16.68,0,0.0,0.0,0.0,0,0,0,0,0,0,0,0,0,0,0,0
1710147301,20.61,42.74,148,994.465,82.04,76,900,65.6,16.67,0,0.0,0.0,0.0,0,0,0,0,0,0,0,0,0,0,0,0
1710147302,20.61,42.71,146,994.461,77.29,77,909,65.6,16.67,0,0.0,0.0,0.0,0,0,0,0,0,0,0,0,0,0,0,0
1710147303,20.62,42.71,148,994.462,77.3,77,909,65.61,16.68,0,0.0,0.0,0.0,0,0,0,0,0,0,0,0,0,0,0,0
1710147304,20.61,42.69,148,994.461,77.69,77,909,65.59,16.67,0,0.0,0.0,0.0,0,0,0,0,0,0,0,0,0,0,0,0
1710147305,20.61,42.75,141,994.46,77.03,83,945,65.6,16.67,0,0.0,0.0,0.0,0,0,0,0,0,0,0,0,0,0,0,0
1710147306,20.6,42.77,148,994.462,77.88,83,945,65.59,16.66,0,0.0,0.0,0.0,0,0,0,0,0,0,0,0,0,0,0,0
1710147308,20.6,42.79,146,994.461,78.78,85,961,65.59,16.69,0,0.0,0.0,0.0,0,0,0,0,0,0,0,0,0,0,0,0
1710147309,20.59,42.8,148,994.459,76.83,85,961,65.58,16.68,0,0.0,0.0,0.0,0,0,0,0,0,0,0,0,0,0,0,0
1710147310,20.6,42.81,146,994.455,78.62,90,995,65.59,16.69,0,0.0,0.0,0.0,0,0,0,0,0,0,0,0,0,0,0,0
1710147311,20.61,42.8,150,994.458,78.54,85,961,65.6,16.7,0,0.0,0.0,0.0,0,0,0,0,0,0,0,0,0,0,0,0
1710147312,20.62,42.78,150,994.46,76.7,88,981,65.61,16.71,0,0.0,0.0,0.0,0,0,0,0,0,0,0,0,0,0,0,0
1710147313,20.64,42.76,150,994.483,76.76,88,981,65.64,16.69,0,0.0,0.0,0.0,0,0,0,0,0,0,0,0,0,0,0,0
1710147314,20.63,42.76,148,994.47,78.03,90,995,65.62,16.68,0,0.0,0.0,0.0,0,0,0,0,0,0,0,0,0,0,0,0
1710147315,20.63,42.83,148,994.453,96.99,92,1009,65.63,16.71,0,0.0,0.0,0.0,0,0,0,0,0,0,0,0,0,0,0,0
1710147316,20.63,42.81,150,994.444,77.51,92,1009,65.63,16.71,0,0.0,0.0,0.0,0,0,0,0,0,0,0,0,0,0,0,0
1710147318,20.63,42.85,148,994.453,77.94,90,995,65.63,16.71,0,0.0,0.0,0.0,0,0,0,0,0,0,0,0,0,0,0,0
1710147319,20.65,42.81,150,994.456,77.06,92,1009,65.65,16.73,0,0.0,0.0,0.0,0,0,0,0,0,0,0,0,0,0,0,0
1710147320,20.64,42.84,150,994.456,77.58,92,1009,65.64,16.72,0,0.0,0.0,0.0,0,0,0,0,0,0,0,0,0,0,0,0
1710147321,20.62,42.9,150,994.46,77.18,92,1009,65.62,16.71,0,0.0,0.0,0.0,0,0,0,0,0,0,0,0,0,0,0,0
1710147322,20.62,42.92,150,994.461,78.85,92,1009,65.62,16.71,0,0.0,0.0,0.0,0,0,0,0,0,0,0,0,0,0,0,0
1710147323,20.6,42.94,150,994.457,77.68,92,1009,65.6,16.69,0,0.0,0.0,0.0,0,0,0,0,0,0,0,0,0,0,0,0
1710147324,20.59,42.97,150,994.456,78.48,92,1009,65.59,16.68,0,0.0,0.0,0.0,0,0,0,0,0,0,0,0,0,0,0,0
1710147325,20.6,42.94,150,994.451,77.23,92,1009,65.6,16.69,0,0.0,0.0,0.0,0,0,0,0,0,0,0,0,0,0,0,0
1710147326,20.62,42.92,148,994.441,77.26,96,1035,65.62,16.71,0,0.0,0.0,0.0,0,0,0,0,0,0,0,0,0,0,0,0
1710147327,20.64,42.9,150,994.44,77.54,92,1009,65.64,16.72,0,0.0,0.0,0.0,0,0,0,0,0,0,0,0,0,0,0,0
1710147329,20.64,42.92,150,994.434,79.32,92,1009,65.65,16.72,0,0.0,0.0,0.0,0,0,0,0,0,0,0,0,0,0,0,0
1710147330,20.65,42.93,150,994.431,78.26,90,995,65.66,16.73,0,0.0,0.0,0.0,0,0,0,0,0,0,0,0,0,0,0,0
1710147331,20.66,42.92,150,994.43,76.43,88,981,65.67,16.74,0,0.0,0.0,0.0,0,0,0,0,0,0,0,0,0,0,0,0
1710147332,20.63,42.97,150,994.423,79.13,90,995,65.64,16.71,0,0.0,0.0,0.0,0,0,0,0,0,0,0,0,0,0,0,0
1710147333,20.62,42.97,148,994.423,77.75,90,995,65.62,16.71,0,0.0,0.0,0.0,0,0,0,0,0,0,0,0,0,0,0,0
1710147334,20.62,42.99,150,994.421,76.67,90,995,65.63,16.71,0,0.0,0.0,0.0,0,0,0,0,0,0,0,0,0,0,0,0
1710147335,20.59,43.06,139,994.424,78.58,92,1009,65.59,16.77,0,0.0,0.0,0.0,0,0,0,0,0,0,0,0,0,0,0,0
1710147336,20.62,43.04,135,994.425,77.86,92,1009,65.63,16.79,0,0.0,0.0,0.0,0,0,0,0,0,0,0,0,0,0,0,0
1710147337,20.63,43.02,148,994.42,77.49,96,1035,65.64,16.8,0,0.0,0.0,0.0,0,0,0,0,0,0,0,0,0,0,0,0
1710147338,20.64,43.0,150,994.419,76.05,99,1050,65.65,16.81,0,0.0,0.0,0.0,0,0,0,0,0,0,0,0,0,0,0,0
1710147340,20.64,42.99,150,994.419,77.85,102,1071,65.65,16.72,0,0.0,0.0,0.0,0,0,0,0,0,0,0,0,0,0,0,0
1710147341,20.61,43.04,148,994.418,77.87,102,1071,65.62,16.78,0,0.0,0.0,0.0,0,0,0,0,0,0,0,0,0,0,0,0
1710147342,20.63,43.03,150,994.417,78.22,104,1086,65.64,16.8,0,0.0,0.0,0.0,0,0,0,0,0,0,0,0,0,0,0,0
1710147343,20.65,43.02,150,994.417,77.45,107,1105,65.66,16.81,0,0.0,0.0,0.0,0,0,0,0,0,0,0,0,0,0,0,0
1710147344,20.63,43.08,150,994.417,77.98,107,1105,65.64,16.8,0,0.0,0.0,0.0,0,0,0,0,0,0,0,0,0,0,0,0
1710147345,20.65,43.06,150,994.418,77.7,113,1147,65.67,16.81,0,0.0,0.0,0.0,0,0,0,0,0,0,0,0,0,0,0,0
1710147346,20.64,43.09,150,994.421,77.14,111,1131,65.66,16.81,0,0.0,0.0,0.0,0,0,0,0,0,0,0,0,0,0,0,0
1710147347,20.68,43.03,150,994.421,78.59,111,1131,65.7,16.83,0,0.0,0.0,0.0,0,0,0,0,0,0,0,0,0,0,0,0
1710147348,20.68,43.03,150,994.423,76.24,113,1147,65.7,16.83,0,0.0,0.0,0.0,0,0,0,0,0,0,0,0,0,0,0,0
1710147350,20.7,43.01,150,994.421,77.39,111,1131,65.73,16.85,0,0.0,0.0,0.0,0,0,0,0,0,0,0,0,0,0,0,0
1710147351,20.7,43.02,150,994.418,77.9,111,1131,65.73,16.85,0,0.0,0.0,0.0,0,0,0,0,0,0,0,0,0,0,0,0
1710147352,20.68,43.07,150,994.417,77.77,111,1131,65.7,16.83,0,0.0,0.0,0.0,0,0,0,0,0,0,0,0,0,0,0,0
1710147353,20.69,43.06,150,994.415,78.88,107,1105,65.72,16.84,0,0.0,0.0,0.0,0,0,0,0,0,0,0,0,0,0,0,0
1710147354,20.71,43.03,150,994.416,77.8,107,1105,65.74,16.86,0,0.0,0.0,0.0,0,0,0,0,0,0,0,0,0,0,0,0
1710147355,20.72,42.99,150,994.414,78.44,104,1086,65.75,16.78,0,0.0,0.0,0.0,0,0,0,0,0,0,0,0,0,0,0,0
1710147356,20.74,42.93,148,994.414,78.42,102,1071,65.77,16.79,0,0.0,0.0,0.0,0,0,0,0,0,0,0,0,0,0,0,0
1710147357,20.76,42.88,148,994.414,78.08,102,1071,65.79,16.81,0,0.0,0.0,0.0,0,0,0,0,0,0,0,0,0,0,0,0
1710147358,20.75,42.86,148,994.416,78.1,87,975,65.78,16.8,0,0.0,0.0,0.0,0,0,0,0,0,0,0,0,0,0,0,0
1710147359,20.74,42.88,144,994.413,77.87,84,956,65.77,16.79,0,0.0,0.0,0.0,0,0,0,0,0,0,0,0,0,0,0,0
1710147361,20.74,42.9,148,994.412,76.6,84,956,65.77,16.79,0,0.0,0.0,0.0,0,0,0,0,0,0,0,0,0,0,0,0
1710147362,20.72,42.95,148,994.408,78.05,96,1035,65.75,16.78,0,0.0,0.0,0.0,0,0,0,0,0,0,0,0,0,0,0,0
1710147363,20.75,42.86,150,994.41,77.47,96,1035,65.78,16.8,0,0.0,0.0,0.0,0,0,0,0,0,0,0,0,0,0,0,0
1710147364,20.76,42.82,148,994.411,86.41,92,1009,65.79,16.81,0,0.0,0.0,0.0,0,0,0,0,0,0,0,0,0,0,0,0
1710147365,20.76,42.8,150,994.412,76.81,79,923,65.79,16.81,0,0.0,0.0,0.0,0,0,0,0,0,0,0,0,0,0,0,0
1710147366,20.78,42.76,148,994.414,77.31,79,923,65.81,16.81,0,0.0,0.0,0.0,0,0,0,0,0,0,0,0,0,0,0,0
1710147367,20.76,42.8,150,994.417,78.09,77,909,65.79,16.81,0,0.0,0.0,0.0,0,0,0,0,0,0,0,0,0,0,0,0
1710147368,20.75,42.79,150,994.416,77.91,77,909,65.77,16.8,0,0.0,0.0,0.0,0,0,0,0,0,0,0,0,0,0,0,0
1710147369,20.73,42.78,150,994.418,77.75,74,891,65.75,16.79,0,0.0,0.0,0.0,0,0,0,0,0,0,0,0,0,0,0,0
1710147370,20.73,42.78,150,994.417,77.1,87,975,65.75,16.79,0,0.0,0.0,0.0,0,0,0,0,0,0,0,0,0,0,0,0
1710147372,20.76,42.77,150,994.419,77.93,85,961,65.78,16.79,0,0.0,0.0,0.0,0,0,0,0,0,0,0,0,0,0,0,0
1710147373,20.77,42.76,150,994.419,77.22,87,975,65.8,16.8,0,0.0,0.0,0.0,0,0,0,0,0,0,0,0,0,0,0,0
1710147374,20.76,42.79,150,994.423,77.49,70,865,65.79,16.81,0,0.0,0.0,0.0,0,0,0,0,0,0,0,0,0,0,0,0
1710147375,20.77,42.75,150,994.427,77.52,73,880,65.8,16.8,0,0.0,0.0,0.0,0,0,0,0,0,0,0,0,0,0,0,0
1710147376,20.78,42.69,150,994.426,78.6,70,865,65.8,16.81,0,0.0,0.0,0.0,0,0,0,0,0,0,0,0,0,0,0,0
1710147377,20.77,42.71,150,994.426,76.98,70,865,65.79,16.8,0,0.0,0.0,0.0,0,0,0,0,0,0,0,0,0,0,0,0
1710147378,20.8,42.66,150,994.428,77.72,68,848,65.83,16.82,0,0.0,0.0,0.0,0,0,0,0,0,0,0,0,0,0,0,0
1710147379,20.81,42.65,150,994.426,76.73,65,832,65.84,16.83,0,0.0,0.0,0.0,0,0,0,0,0,0,0,0,0,0,0,0
1710147380,20.82,42.61,148,994.423,78.16,68,848,65.85,16.84,0,0.0,0.0,0.0,0,0,0,0,0,0,0,0,0,0,0,0
1710147382,20.84,42.61,150,994.423,78.05,68,848,65.87,16.86,0,0.0,0.0,0.0,0,0,0,0,0,0,0,0,0,0,0,0
1710147383,20.83,42.6,150,994.419,78.38,65,832,65.86,16.85,0,0.0,0.0,0.0,0,0,0,0,0,0,0,0,0,0,0,0
1710147384,20.86,42.58,150,994.417,77.76,65,832,65.9,16.87,0,0.0,0.0,0.0,0,0,0,0,0,0,0,0,0,0,0,0
1710147385,20.87,42.55,150,994.416,78.63,65,832,65.91,16.87,0,0.0,0.0,0.0,0,0,0,0,0,0,0,0,0,0,0,0
1710147386,20.86,42.53,150,994.415,78.46,65,832,65.89,16.87,0,0.0,0.0,0.0,0,0,0,0,0,0,0,0,0,0,0,0
1710147387,20.86,42.51,150,994.412,76.75,68,848,65.89,16.87,0,0.0,0.0,0.0,0,0,0,0,0,0,0,0,0,0,0,0
1710147388,20.85,42.54,150,994.411,78.54,68,848,65.88,16.86,0,0.0,0.0,0.0,0,0,0,0,0,0,0,0,0,0,0,0
1710147389,20.84,42.53,150,994.407,77.32,70,865,65.87,16.86,0,0.0,0.0,0.0,0,0,0,0,0,0,0,0,0,0,0,0
1710147390,20.88,42.51,150,994.407,76.88,73,880,65.92,16.88,0,0.0,0.0,0.0,0,0,0,0,0,0,0,0,0,0,0,0
1710147391,20.88,42.5,150,994.407,78.82,74,891,65.92,16.88,0,0.0,0.0,0.0,0,0,0,0,0,0,0,0,0,0,0,0
1710147393,20.89,42.5,150,994.411,78.55,74,891,65.93,16.89,0,0.0,0.0,0.0,0,0,0,0,0,0,0,0,0,0,0,0
1710147394,20.87,42.52,150,994.409,76.62,74,891,65.9,16.87,0,0.0,0.0,0.0,0,0,0,0,0,0,0,0,0,0,0,0
1710147395,20.86,42.56,150,994.407,77.12,77,909,65.89,16.87,0,0.0,0.0,0.0,0,0,0,0,0,0,0,0,0,0,0,0
1710147396,20.86,42.56,150,994.404,77.82,77,909,65.89,16.87,0,0.0,0.0,0.0,0,0,0,0,0,0,0,0,0,0,0,0
1710147397,20.85,42.57,150,994.402,77.7,77,909,65.88,16.86,0,0.0,0.0,0.0,0,0,0,0,0,0,0,0,0,0,0,0
1710147398,20.86,42.57,150,994.403,77.77,79,923,65.9,16.87,0,0.0,0.0,0.0,0,0,0,0,0,0,0,0,0,0,0,0
1710147399,20.86,42.53,150,994.404,77.6,77,909,65.89,16.87,0,0.0,0.0,0.0,0,0,0,0,0,0,0,0,0,0,0,0
1710147400,20.86,42.55,150,994.404,77.86,79,923,65.89,16.87,0,0.0,0.0,0.0,0,0,0,0,0,0,0,0,0,0,0,0
1710147401,20.83,42.59,150,994.4,77.34,81,935,65.86,16.85,0,0.0,0.0,0.0,0,0,0,0,0,0,0,0,0,0,0,0
1710147402,20.84,42.58,150,994.398,76.35,81,935,65.87,16.86,0,0.0,0.0,0.0,0,0,0,0,0,0,0,0,0,0,0,0
1710147404,20.84,42.57,150,994.402,76.76,81,935,65.87,16.86,0,0.0,0.0,0.0,0,0,0,0,0,0,0,0,0,0,0,0
1710147405,20.84,42.58,150,994.401,77.59,81,935,65.87,16.86,0,0.0,0.0,0.0,0,0,0,0,0,0,0,0,0,0,0,0
1710147406,20.86,42.53,150,994.397,77.9,81,935,65.89,16.87,0,0.0,0.0,0.0,0,0,0,0,0,0,0,0,0,0,0,0
1710147407,20.86,42.54,150,994.397,77.11,77,909,65.89,16.87,0,0.0,0.0,0.0,0,0,0,0,0,0,0,0,0,0,0,0
1710147408,20.87,42.52,150,994.397,78.37,79,923,65.9,16.87,0,0.0,0.0,0.0,0,0,0,0,0,0,0,0,0,0,0,0
1710147409,20.88,42.51,150,994.396,77.14,79,923,65.92,16.88,0,0.0,0.0,0.0,0,0,0,0,0,0,0,0,0,0,0,0
1710147410,20.86,42.56,150,994.397,77.76,79,923,65.89,16.87,0,0.0,0.0,0.0,0,0,0,0,0,0,0,0,0,0,0,0
1710147411,20.81,42.68,150,994.399,78.67,81,935,65.84,16.83,0,0.0,0.0,0.0,0,0,0,0,0,0,0,0,0,0,0,0
1710147412,20.79,42.7,150,994.397,77.71,81,935,65.82,16.81,0,0.0,0.0,0.0,0,0,0,0,0,0,0,0,0,0,0,0
1710147414,20.79,42.71,150,994.396,77.67,81,935,65.82,16.81,0,0.0,0.0,0.0,0,0,0,0,0,0,0,0,0,0,0,0
1710147415,20.8,42.71,150,994.395,77.42,77,909,65.83,16.82,0,0.0,0.0,0.0,0,0,0,0,0,0,0,0,0,0,0,0
1710147416,20.78,42.73,150,994.391,76.89,77,909,65.81,16.81,0,0.0,0.0,0.0,0,0,0,0,0,0,0,0,0,0,0,0
1710147417,20.78,42.77,150,994.39,77.0,77,909,65.81,16.81,0,0.0,0.0,0.0,0,0,0,0,0,0,0,0,0,0,0,0
1710147418,20.77,42.77,150,994.389,77.5,74,891,65.8,16.8,0,0.0,0.0,0.0,0,0,0,0,0,0,0,0,0,0,0,0
1710147419,20.77,42.75,150,994.391,77.66,74,891,65.8,16.8,0,0.0,0.0,0.0,0,0,0,0,0,0,0,0,0,0,0,0
1710147420,20.78,42.74,150,994.393,78.74,74,891,65.81,16.81,0,0.0,0.0,0.0,0,0,0,0,0,0,0,0,0,0,0,0
1710147421,20.79,42.72,148,994.393,77.98,74,891,65.82,16.81,0,0.0,0.0,0.0,0,0,0,0,0,0,0,0,0,0,0,0
1710147422,20.81,42.69,146,994.388,79.25,73,880,65.84,16.83,0,0.0,0.0,0.0,0,0,0,0,0,0,0,0,0,0,0,0
1710147423,20.8,42.73,146,994.39,77.02,68,848,65.83,16.82,0,0.0,0.0,0.0,0,0,0,0,0,0,0,0,0,0,0,0
1710147425,20.8,42.69,146,994.39,78.73,70,865,65.83,16.82,0,0.0,0.0,0.0,0,0,0,0,0,0,0,0,0,0,0,0
1710147426,20.82,42.62,141,994.392,77.19,70,865,65.85,16.84,0,0.0,0.0,0.0,0,0,0,0,0,0,0,0,0,0,0,0
1710147427,20.81,42.67,137,994.395,78.33,70,865,65.84,16.83,0,0.0,0.0,0.0,0,0,0,0,0,0,0,0,0,0,0,0
1710147428,20.81,42.62,144,994.396,78.19,68,848,65.84,16.83,0,0.0,0.0,0.0,0,0,0,0,0,0,0,0,0,0,0,0
1710147429,20.78,42.68,150,994.395,78.49,70,865,65.8,16.81,0,0.0,0.0,0.0,0,0,0,0,0,0,0,0,0,0,0,0
1710147430,20.75,42.73,150,994.394,76.84,68,848,65.77,16.78,0,0.0,0.0,0.0,0,0,0,0,0,0,0,0,0,0,0,0
1710147431,20.75,42.7,150,994.393,77.5,70,865,65.77,16.78,0,0.0,0.0,0.0,0,0,0,0,0,0,0,0,0,0,0,0
1710147432,20.77,42.69,150,994.395,77.36,68,848,65.79,16.8,0,0.0,0.0,0.0,0,0,0,0,0,0,0,0,0,0,0,0
1710147433,20.8,42.65,150,994.392,78.36,68,848,65.83,16.82,0,0.0,0.0,0.0,0,0,0,0,0,0,0,0,0,0,0,0
1710147434,20.81,42.61,150,994.395,78.44,70,865,65.84,16.83,0,0.0,0.0,0.0,0,0,0,0,0,0,0,0,0,0,0,0
1710147436,20.81,42.63,150,994.395,77.61,65,832,65.84,16.83,0,0.0,0.0,0.0,0,0,0,0,0,0,0,0,0,0,0,0
1710147437,20.83,42.61,150,994.401,78.12,68,848,65.86,16.85,0,0.0,0.0,0.0,0,0,0,0,0,0,0,0,0,0,0,0
1710147438,20.84,42.57,150,994.403,78.23,70,865,65.87,16.86,0,0.0,0.0,0.0,0,0,0,0,0,0,0,0,0,0,0,0
1710147439,20.84,42.59,150,994.399,77.31,73,880,65.87,16.86,0,0.0,0.0,0.0,0,0,0,0,0,0,0,0,0,0,0,0
1710147440,20.85,42.55,150,994.396,77.62,73,880,65.88,16.86,0,0.0,0.0,0.0,0,0,0,0,0,0,0,0,0,0,0,0
1710147441,20.84,42.57,150,994.398,78.81,74,891,65.87,16.86,0,0.0,0.0,0.0,0,0,0,0,0,0,0,0,0,0,0,0
1710147442,20.86,42.54,150,994.395,77.76,77,909,65.89,16.87,0,0.0,0.0,0.0,0,0,0,0,0,0,0,0,0,0,0,0
1710147443,20.88,42.51,150,994.389,79.26,79,923,65.92,16.88,0,0.0,0.0,0.0,0,0,0,0,0,0,0,0,0,0,0,0
1710147444,20.9,42.45,148,994.392,77.93,81,935,65.94,16.89,0,0.0,0.0,0.0,0,0,0,0,0,0,0,0,0,0,0,0
1710147445,20.89,42.49,146,994.393,77.51,81,935,65.93,16.89,0,0.0,0.0,0.0,0,0,0,0,0,0,0,0,0,0,0,0
1710147447,20.87,42.53,144,994.393,77.57,84,956,65.91,16.87,0,0.0,0.0,0.0,0,0,0,0,0,0,0,0,0,0,0,0
1710147448,20.87,42.53,148,994.39,78.13,84,956,65.91,16.87,0,0.0,0.0,0.0,0,0,0,0,0,0,0,0,0,0,0,0
1710147449,20.89,42.56,150,994.391,77.43,84,956,65.93,16.89,0,0.0,0.0,0.0,0,0,0,0,0,0,0,0,0,0,0,0
1710147450,20.9,42.56,150,994.388,77.84,84,956,65.94,16.89,0,0.0,0.0,0.0,0,0,0,0,0,0,0,0,0,0,0,0
1710147451,20.92,42.54,150,994.388,77.01,84,956,65.97,16.91,0,0.0,0.0,0.0,0,0,0,0,0,0,0,0,0,0,0,0
1710147452,20.94,42.51,150,994.385,77.96,84,956,65.99,16.93,0,0.0,0.0,0.0,0,0,0,0,0,0,0,0,0,0,0,0
1710147453,20.92,42.53,150,994.384,78.43,84,956,65.97,16.91,0,0.0,0.0,0.0,0,0,0,0,0,0,0,0,0,0,0,0
1710147454,20.93,42.51,150,994.379,77.25,81,935,65.98,16.92,0,0.0,0.0,0.0,0,0,0,0,0,0,0,0,0,0,0,0
1710147455,20.94,42.51,150,994.376,78.02,81,935,65.99,16.93,0,0.0,0.0,0.0,0,0,0,0,0,0,0,0,0,0,0,0
1710147457,20.94,42.49,150,994.375,76.98,81,935,65.99,16.93,0,0.0,0.0,0.0,0,0,0,0,0,0,0,0,0,0,0,0
1710147458,20.95,42.43,150,994.374,77.91,79,923,66.0,16.94,0,0.0,0.0,0.0,0,0,0,0,0,0,0,0,0,0,0,0
1710147459,20.93,42.46,150,994.373,77.82,84,956,65.97,16.92,0,0.0,0.0,0.0,0,0,0,0,0,0,0,0,0,0,0,0
1710147460,20.93,42.46,150,994.369,79.18,81,935,65.97,16.92,0,0.0,0.0,0.0,0,0,0,0,0,0,0,0,0,0,0,0
1710147461,20.93,42.45,150,994.369,77.94,81,935,65.97,16.92,0,0.0,0.0,0.0,0,0,0,0,0,0,0,0,0,0,0,0
1710147462,20.92,42.45,150,994.367,77.33,79,923,65.96,16.91,0,0.0,0.0,0.0,0,0,0,0,0,0,0,0,0,0,0,0
1710147463,20.92,42.45,150,994.373,77.88,79,923,65.96,16.91,0,0.0,0.0,0.0,0,0,0,0,0,0,0,0,0,0,0,0
1710147464,20.93,42.41,150,994.374,77.0,79,923,65.97,16.92,0,0.0,0.0,0.0,0,0,0,0,0,0,0,0,0,0,0,0
1710147465,20.95,42.39,150,994.372,78.03,79,923,65.99,16.94,0,0.0,0.0,0.0,0,0,0,0,0,0,0,0,0,0,0,0
1710147466,20.97,42.35,150,994.374,77.32,77,909,66.02,16.95,0,0.0,0.0,0.0,0,0,0,0,0,0,0,0,0,0,0,0
1710147468,20.96,42.33,150,994.374,78.55,74,891,66.0,16.94,0,0.0,0.0,0.0,0,0,0,0,0,0,0,0,0,0,0,0
1710147469,20.96,42.3,150,994.371,76.94,74,891,66.0,16.94,0,0.0,0.0,0.0,0,0,0,0,0,0,0,0,0,0,0,0
1710147470,20.94,42.35,150,994.369,76.35,74,891,65.98,16.93,0,0.0,0.0,0.0,0,0,0,0,0,0,0,0,0,0,0,0
1710147471,20.94,42.35,150,994.371,77.88,77,909,65.98,16.93,0,0.0,0.0,0.0,0,0,0,0,0,0,0,0,0,0,0,0
1710147472,20.94,42.39,150,994.372,77.5,74,891,65.98,16.93,0,0.0,0.0,0.0,0,0,0,0,0,0,0,0,0,0,0,0
1710147473,20.93,42.41,150,994.371,77.58,77,909,65.97,16.92,0,0.0,0.0,0.0,0,0,0,0,0,0,0,0,0,0,0,0
1710147474,20.94,42.36,150,994.369,77.29,77,909,65.98,16.93,0,0.0,0.0,0.0,0,0,0,0,0,0,0,0,0,0,0,0
1710147475,20.94,42.33,150,994.364,78.34,79,923,65.98,16.93,0,0.0,0.0,0.0,0,0,0,0,0,0,0,0,0,0,0,0
1710147476,20.96,42.32,148,994.36,77.82,81,935,66.0,16.94,0,0.0,0.0,0.0,0,0,0,0,0,0,0,0,0,0,0,0
1710147477,20.97,42.27,150,994.361,77.54,79,923,66.01,16.95,0,0.0,0.0,0.0,0,0,0,0,0,0,0,0,0,0,0,0
1710147479,20.97,42.27,150,994.361,77.87,77,909,66.01,16.95,0,0.0,0.0,0.0,0,0,0,0,0,0,0,0,0,0,0,0
1710147480,20.97,42.27,150,994.358,77.87,82,940,66.01,16.95,0,0.0,0.0,0.0,0,0,0,0,0,0,0,0,0,0,0,0
1710147481,20.97,42.26,150,994.361,79.15,79,925,66.01,16.95,0,0.0,0.0,0.0,0,0,0,0,0,0,0,0,0,0,0,0
1710147482,20.95,42.28,150,994.365,79.2,82,940,65.99,16.94,0,0.0,0.0,0.0,0,0,0,0,0,0,0,0,0,0,0,0
1710147483,20.97,42.28,148,994.362,78.72,79,925,66.01,16.95,0,0.0,0.0,0.0,0,0,0,0,0,0,0,0,0,0,0,0
1710147484,20.97,42.27,150,994.362,78.35,84,954,66.01,16.95,0,0.0,0.0,0.0,0,0,0,0,0,0,0,0,0,0,0,0
1710147485,20.96,42.3,150,994.363,78.17,82,940,66.0,16.94,0,0.0,0.0,0.0,0,0,0,0,0,0,0,0,0,0,0,0
1710147486,20.95,42.34,150,994.362,76.52,84,956,65.99,16.94,0,0.0,0.0,0.0,0,0,0,0,0,0,0,0,0,0,0,0
1710147487,20.95,42.34,150,994.359,77.58,84,956,65.99,16.94,0,0.0,0.0,0.0,0,0,0,0,0,0,0,0,0,0,0,0
1710147489,20.95,42.34,150,994.356,78.11,86,970,65.99,16.94,0,0.0,0.0,0.0,0,0,0,0,0,0,0,0,0,0,0,0
1710147490,20.94,42.35,150,994.356,77.04,86,970,65.98,16.93,0,0.0,0.0,0.0,0,0,0,0,0,0,0,0,0,0,0,0
1710147491,20.95,42.34,150,994.358,77.91,86,970,65.99,16.94,0,0.0,0.0,0.0,0,0,0,0,0,0,0,0,0,0,0,0
1710147492,20.94,42.39,150,994.36,77.28,86,970,65.98,16.93,0,0.0,0.0,0.0,0,0,0,0,0,0,0,0,0,0,0,0
1710147493,20.94,42.41,150,994.357,76.8,86,970,65.98,16.93,0,0.0,0.0,0.0,0,0,0,0,0,0,0,0,0,0,0,0
1710147494,20.93,42.43,150,994.352,79.39,86,970,65.97,16.92,0,0.0,0.0,0.0,0,0,0,0,0,0,0,0,0,0,0,0
1710147495,20.9,42.48,150,994.353,78.32,86,970,65.94,16.89,0,0.0,0.0,0.0,0,0,0,0,0,0,0,0,0,0,0,0
1710147496,20.9,42.48,150,994.353,78.27,84,956,65.94,16.89,0,0.0,0.0,0.0,0,0,0,0,0,0,0,0,0,0,0,0
1710147497,20.89,42.47,150,994.354,77.13,86,970,65.93,16.89,0,0.0,0.0,0.0,0,0,0,0,0,0,0,0,0,0,0,0
1710147498,20.92,42.42,150,994.354,78.0,86,970,65.96,16.91,0,0.0,0.0,0.0,0,0,0,0,0,0,0,0,0,0,0,0
1710147500,20.92,42.43,150,994.35,77.29,84,956,65.96,16.91,0,0.0,0.0,0.0,0,0,0,0,0,0,0,0,0,0,0,0
1710147501,20.93,42.38,150,994.349,78.18,81,935,65.97,16.92,0,0.0,0.0,0.0,0,0,0,0,0,0,0,0,0,0,0,0
1710147502,20.91,42.41,150,994.35,78.81,79,923,65.95,16.9,0,0.0,0.0,0.0,0,0,0,0,0,0,0,0,0,0,0,0
1710147503,20.89,42.46,150,994.344,77.34,79,923,65.93,16.89,0,0.0,0.0,0.0,0,0,0,0,0,0,0,0,0,0,0,0
1710147504,20.91,42.39,150,994.341,78.1,77,909,65.95,16.9,0,0.0,0.0,0.0,0,0,0,0,0,0,0,0,0,0,0,0
1710147505,20.91,42.36,150,994.335,77.51,74,891,65.94,16.9,0,0.0,0.0,0.0,0,0,0,0,0,0,0,0,0,0,0,0
1710147506,20.92,42.33,150,994.331,78.44,74,891,65.95,16.91,0,0.0,0.0,0.0,0,0,0,0,0,0,0,0,0,0,0,0
1710147507,20.93,42.28,148,994.332,77.76,77,909,65.96,16.92,0,0.0,0.0,0.0,0,0,0,0,0,0,0,0,0,0,0,0
1710147508,20.94,42.27,150,994.329,77.38,77,907,65.97,16.93,0,0.0,0.0,0.0,0,0,0,0,0,0,0,0,0,0,0,0
1710147509,20.94,42.28,150,994.331,78.19,77,907,65.98,16.93,0,0.0,0.0,0.0,0,0,0,0,0,0,0,0,0,0,0,0
1710147511,20.94,42.27,150,994.331,77.81,77,907,65.97,16.93,0,0.0,0.0,0.0,0,0,0,0,0,0,0,0,0,0,0,0
1710147512,20.94,42.24,150,994.329,78.29,73,880,65.97,16.93,0,0.0,0.0,0.0,0,0,0,0,0,0,0,0,0,0,0,0
1710147513,20.95,42.26,150,994.327,77.87,70,865,65.99,16.94,0,0.0,0.0,0.0,0,0,0,0,0,0,0,0,0,0,0,0
1710147514,20.95,42.23,150,994.326,77.44,70,865,65.98,16.94,0,0.0,0.0,0.0,0,0,0,0,0,0,0,0,0,0,0,0
1710147515,20.95,42.24,150,994.323,78.52,70,863,65.98,16.94,0,0.0,0.0,0.0,0,0,0,0,0,0,0,0,0,0,0,0
1710147516,20.97,42.23,150,994.323,77.62,72,877,66.01,16.95,0,0.0,0.0,0.0,0,0,0,0,0,0,0,0,0,0,0,0
1710147517,20.99,42.16,150,994.32,77.23,72,877,66.03,16.97,0,0.0,0.0,0.0,0,0,0,0,0,0,0,0,0,0,0,0
1710147518,21.01,42.12,150,994.326,78.37,72,877,66.05,16.96,0,0.0,0.0,0.0,0,0,0,0,0,0,0,0,0,0,0,0
1710147519,21.02,42.09,150,994.324,78.86,72,877,66.06,16.97,0,0.0,0.0,0.0,0,0,0,0,0,0,0,0,0,0,0,0
1710147521,21.02,42.09,150,994.326,78.44,67,844,66.06,16.97,0,0.0,0.0,0.0,0,0,0,0,0,0,0,0,0,0,0,0
1710147522,21.04,42.07,150,994.327,78.76,74,891,66.08,16.99,0,0.0,0.0,0.0,0,0,0,0,0,0,0,0,0,0,0,0
1710147523,21.04,42.06,150,994.326,77.27,72,877,66.08,16.99,0,0.0,0.0,0.0,0,0,0,0,0,0,0,0,0,0,0,0
1710147524,21.05,42.05,150,994.327,77.83,72,877,66.1,17.0,0,0.0,0.0,0.0,0,0,0,0,0,0,0,0,0,0,0,0
1710147525,21.04,42.08,150,994.325,77.66,72,877,66.09,16.99,0,0.0,0.0,0.0,0,0,0,0,0,0,0,0,0,0,0,0
1710147526,21.04,42.06,150,994.33,77.11,72,877,66.08,16.99,0,0.0,0.0,0.0,0,0,0,0,0,0,0,0,0,0,0,0
1710147527,21.04,42.08,150,994.329,77.79,74,891,66.09,16.99,0,0.0,0.0,0.0,0,0,0,0,0,0,0,0,0,0,0,0
1710147528,21.05,42.04,150,994.326,77.6,74,891,66.09,17.0,0,0.0,0.0,0.0,0,0,0,0,0,0,0,0,0,0,0,0
1710147529,21.09,41.99,150,994.322,77.88,76,905,66.14,16.94,0,0.0,0.0,0.0,0,0,0,0,0,0,0,0,0,0,0,0
1710147530,21.07,42.02,150,994.323,77.97,81,935,66.12,17.01,0,0.0,0.0,0.0,0,0,0,0,0,0,0,0,0,0,0,0
1710147532,21.06,42.05,150,994.324,76.9,76,905,66.11,17.0,0,0.0,0.0,0.0,0,0,0,0,0,0,0,0,0,0,0,0
1710147533,21.06,42.07,150,994.326,77.32,76,905,66.11,17.0,0,0.0,0.0,0.0,0,0,0,0,0,0,0,0,0,0,0,0
1710147534,21.06,42.08,150,994.326,78.14,74,891,66.11,17.0,0,0.0,0.0,0.0,0,0,0,0,0,0,0,0,0,0,0,0
1710147535,21.08,42.06,150,994.325,78.25,72,877,66.13,17.01,0,0.0,0.0,0.0,0,0,0,0,0,0,0,0,0,0,0,0
1710147536,21.08,42.03,150,994.321,77.85,72,877,66.13,17.01,0,0.0,0.0,0.0,0,0,0,0,0,0,0,0,0,0,0,0
1710147537,21.07,42.04,150,994.319,78.37,72,877,66.12,17.01,0,0.0,0.0,0.0,0,0,0,0,0,0,0,0,0,0,0,0
1710147538,21.08,42.0,150,994.322,76.79,72,877,66.13,17.01,0,0.0,0.0,0.0,0,0,0,0,0,0,0,0,0,0,0,0
1710147539,21.09,41.97,141,994.32,78.07,74,891,66.14,16.94,0,0.0,0.0,0.0,0,0,0,0,0,0,0,0,0,0,0,0
1710147540,21.11,41.92,146,994.321,77.71,74,891,66.16,16.95,0,0.0,0.0,0.0,0,0,0,0,0,0,0,0,0,0,0,0
1710147541,21.1,41.93,146,994.322,78.21,72,877,66.15,16.95,0,0.0,0.0,0.0,0,0,0,0,0,0,0,0,0,0,0,0
1710147543,21.1,41.93,146,994.321,77.61,74,891,66.15,16.95,0,0.0,0.0,0.0,0,0,0,0,0,0,0,0,0,0,0,0
1710147544,21.1,41.93,141,994.32,78.38,72,877,66.15,16.95,0,0.0,0.0,0.0,0,0,0,0,0,0,0,0,0,0,0,0
1710147545,21.11,41.91,144,994.32,76.82,72,877,66.16,16.95,0,0.0,0.0,0.0,0,0,0,0,0,0,0,0,0,0,0,0
1710147546,21.13,41.84,146,994.318,77.94,72,877,66.18,16.97,0,0.0,0.0,0.0,0,0,0,0,0,0,0,0,0,0,0,0
1710147547,21.14,41.79,148,994.313,77.09,72,877,66.19,16.97,0,0.0,0.0,0.0,0,0,0,0,0,0,0,0,0,0,0,0
1710147548,21.14,41.79,148,994.311,77.44,72,877,66.19,16.97,0,0.0,0.0,0.0,0,0,0,0,0,0,0,0,0,0,0,0
1710147549,21.15,41.76,148,994.31,78.13,74,889,66.2,16.98,0,0.0,0.0,0.0,0,0,0,0,0,0,0,0,0,0,0,0
1710147550,21.14,41.8,148,994.313,77.97,69,855,66.19,16.97,0,0.0,0.0,0.0,0,0,0,0,0,0,0,0,0,0,0,0
1710147551,21.13,41.77,148,994.31,77.6,69,855,66.17,16.97,0,0.0,0.0,0.0,0,0,0,0,0,0,0,0,0,0,0,0
1710147553,21.13,41.78,144,994.305,78.35,67,844,66.18,16.97,0,0.0,0.0,0.0,0,0,0,0,0,0,0,0,0,0,0,0
1710147554,21.14,41.77,144,994.302,77.82,67,846,66.19,16.97,0,0.0,0.0,0.0,0,0,0,0,0,0,0,0,0,0,0,0
1710147555,21.14,41.75,146,994.302,77.66,69,855,66.19,16.97,0,0.0,0.0,0.0,0,0,0,0,0,0,0,0,0,0,0,0
1710147556,21.15,41.72,146,994.302,77.3,67,846,66.2,16.98,0,0.0,0.0,0.0,0,0,0,0,0,0,0,0,0,0,0,0
1710147557,21.14,41.69,146,994.302,77.69,66,836,66.18,16.97,0,0.0,0.0,0.0,0,0,0,0,0,0,0,0,0,0,0,0
1710147558,21.15,41.65,148,994.307,77.85,66,836,66.19,16.98,0,0.0,0.0,0.0,0,0,0,0,0,0,0,0,0,0,0,0
1710147559,21.13,41.67,146,994.308,77.4,66,836,66.17,16.97,0,0.0,0.0,0.0,0,0,0,0,0,0,0,0,0,0,0,0
1710147560,21.15,41.69,148,994.31,77.94,66,836,66.19,16.98,0,0.0,0.0,0.0,0,0,0,0,0,0,0,0,0,0,0,0
1710147561,21.12,41.74,146,994.309,77.32,66,836,66.16,16.96,0,0.0,0.0,0.0,0,0,0,0,0,0,0,0,0,0,0,0
1710147562,21.14,41.69,148,994.31,78.61,66,836,66.18,16.97,0,0.0,0.0,0.0,0,0,0,0,0,0,0,0,0,0,0,0
1710147564,21.13,41.71,146,994.307,77.16,67,846,66.17,16.97,0,0.0,0.0,0.0,0,0,0,0,0,0,0,0,0,0,0,0
1710147565,21.1,41.73,146,994.309,78.31,67,846,66.14,16.95,0,0.0,0.0,0.0,0,0,0,0,0,0,0,0,0,0,0,0
1710147566,21.13,41.7,146,994.305,77.08,72,874,66.17,16.97,0,0.0,0.0,0.0,0,0,0,0,0,0,0,0,0,0,0,0
1710147567,21.13,41.72,148,994.305,77.78,72,874,66.17,16.97,0,0.0,0.0,0.0,0,0,0,0,0,0,0,0,0,0,0,0
1710147568,21.13,41.7,148,994.305,78.09,72,874,66.17,16.97,0,0.0,0.0,0.0,0,0,0,0,0,0,0,0,0,0,0,0
1710147569,21.13,41.7,148,994.303,79.0,72,874,66.17,16.97,0,0.0,0.0,0.0,0,0,0,0,0,0,0,0,0,0,0,0
1710147570,21.11,41.74,148,994.303,77.03,74,889,66.15,16.95,0,0.0,0.0,0.0,0,0,0,0,0,0,0,0,0,0,0,0
1710147571,21.08,41.78,148,994.297,76.53,74,889,66.11,16.93,0,0.0,0.0,0.0,0,0,0,0,0,0,0,0,0,0,0,0
1710147572,21.07,41.83,146,994.296,77.39,76,905,66.11,16.93,0,0.0,0.0,0.0,0,0,0,0,0,0,0,0,0,0,0,0
1710147573,21.05,41.87,146,994.292,78.23,76,905,66.08,16.91,0,0.0,0.0,0.0,0,0,0,0,0,0,0,0,0,0,0,0
1710147575,21.07,41.84,146,994.288,78.34,74,891,66.11,16.93,0,0.0,0.0,0.0,0,0,0,0,0,0,0,0,0,0,0,0
1710147576,21.04,41.9,146,994.285,76.98,79,923,66.07,16.9,0,0.0,0.0,0.0,0,0,0,0,0,0,0,0,0,0,0,0
1710147577,21.04,41.89,148,994.285,77.32,79,923,66.07,16.9,0,0.0,0.0,0.0,0,0,0,0,0,0,0,0,0,0,0,0
1710147578,21.04,41.86,146,994.283,77.03,76,905,66.07,16.9,0,0.0,0.0,0.0,0,0,0,0,0,0,0,0,0,0,0,0
1710147579,21.02,41.91,148,994.286,77.14,81,935,66.05,16.88,0,0.0,0.0,0.0,0,0,0,0,0,0,0,0,0,0,0,0
1710147580,21.01,41.93,146,994.286,78.5,76,905,66.04,16.88,0,0.0,0.0,0.0,0,0,0,0,0,0,0,0,0,0,0,0
1710147581,20.99,41.98,148,994.288,77.1,79,923,66.02,16.86,0,0.0,0.0,0.0,0,0,0,0,0,0,0,0,0,0,0,0
1710147582,21.01,41.93,148,994.287,76.45,76,905,66.04,16.88,0,0.0,0.0,0.0,0,0,0,0,0,0,0,0,0,0,0,0
1710147583,21.03,41.91,146,994.288,79.05,76,905,66.06,16.89,0,0.0,0.0,0.0,0,0,0,0,0,0,0,0,0,0,0,0
1710147585,21.03,41.87,146,994.284,76.77,74,891,66.06,16.89,0,0.0,0.0,0.0,0,0,0,0,0,0,0,0,0,0,0,0
1710147586,21.04,41.86,146,994.282,77.47,74,891,66.07,16.9,0,0.0,0.0,0.0,0,0,0,0,0,0,0,0,0,0,0,0
1710147587,21.04,41.88,146,994.276,77.45,74,891,66.07,16.9,0,0.0,0.0,0.0,0,0,0,0,0,0,0,0,0,0,0,0
1710147588,21.05,41.86,135,994.273,77.81,72,877,66.08,16.91,0,0.0,0.0,0.0,0,0,0,0,0,0,0,0,0,0,0,0
1710147589,21.04,41.87,146,994.272,77.05,76,905,66.07,16.9,0,0.0,0.0,0.0,0,0,0,0,0,0,0,0,0,0,0,0
1710147590,21.03,41.9,146,994.271,78.28,76,905,66.06,16.89,0,0.0,0.0,0.0,0,0,0,0,0,0,0,0,0,0,0,0
1710147591,21.02,41.9,148,994.271,78.32,76,905,66.05,16.88,0,0.0,0.0,0.0,0,0,0,0,0,0,0,0,0,0,0,0
1710147592,20.96,41.98,146,994.265,78.18,79,923,65.98,16.84,0,0.0,0.0,0.0,0,0,0,0,0,0,0,0,0,0,0,0
1710147593,20.95,42.02,148,994.266,77.16,81,935,65.97,16.92,0,0.0,0.0,0.0,0,0,0,0,0,0,0,0,0,0,0,0
1710147594,20.95,42.02,148,994.268,77.26,81,935,65.97,16.92,0,0.0,0.0,0.0,0,0,0,0,0,0,0,0,0,0,0,0
1710147596,20.95,42.01,146,994.266,77.99,81,935,65.97,16.92,0,0.0,0.0,0.0,0,0,0,0,0,0,0,0,0,0,0,0
1710147597,20.95,42.04,146,994.269,77.09,81,935,65.97,16.92,0,0.0,0.0,0.0,0,0,0,0,0,0,0,0,0,0,0,0
1710147598,20.97,42.03,146,994.271,78.88,81,935,66.0,16.93,0,0.0,0.0,0.0,0,0,0,0,0,0,0,0,0,0,0,0
1710147599,20.95,42.06,146,994.271,77.42,81,935,65.97,16.92,0,0.0,0.0,0.0,0,0,0,0,0,0,0,0,0,0,0,0
